technology,rsp,state,geography,download_busy,upload_busy,latency_busy,tier,underperforming
Hybrid Fibre Coaxial,Leaptel,VIC,Urban,105.69,18.94,7.68,100/20 Mbps,FALSE
Fibre to the Node,TPG,TAS,Minor Rural,51.87,18.29,23.91,50/20 Mbps,FALSE
Hybrid Fibre Coaxial,TPG,VIC,Urban,26.09,4.64,9.36,25/5 Mbps,FALSE
Fibre to the Premises,Dodo & iPrimus,VIC,Urban,53.11,18.83,4.76,50/20 Mbps,FALSE
Fibre to the Node,Exetel,VIC,Urban,53.35,18.84,8.35,50/20 Mbps,FALSE
Fibre to the Premises,Optus,VIC,Urban,106.74,18.94,3.66,100/20 Mbps,FALSE
Fibre to the Premises,Launtel,TAS,Urban,413.37,45.79,12.72,400/50 Mbps,FALSE
Hybrid Fibre Coaxial,Dodo & iPrimus,VIC,Urban,265.34,23.46,8.04,250/25 Mbps,FALSE
Fibre to the Node,Optus,TAS,Minor Rural,37.69,10.07,22.57,50/20 Mbps,FALSE
Hybrid Fibre Coaxial,Telstra,VIC,Urban,108.98,18.9,10.33,100/20 Mbps,FALSE
Fibre to the Premises,Dodo & iPrimus,NT + SA,Urban,105.11,18.64,15.08,100/20 Mbps,FALSE
Fibre to the Premises,Superloop,NT + SA,Urban,54.08,18.95,10.95,50/20 Mbps,FALSE
Fibre to the Node,Exetel,NT + SA,Urban,52.86,18.79,18.13,50/20 Mbps,FALSE
Fibre to the Premises,Superloop,VIC,Urban,108.38,37.92,2.22,100/40 Mbps,FALSE
Hybrid Fibre Coaxial,Leaptel,NT + SA,Urban,101.87,18.81,16.36,100/20 Mbps,FALSE
Fibre to the Premises,Vodafone,VIC,Urban,53.26,18.7,2.2,50/20 Mbps,FALSE
Hybrid Fibre Coaxial,Aussie Broadband,VIC,Urban,53.8,18.95,7.81,50/20 Mbps,FALSE
Fibre to the Premises,Telstra,TAS,Urban,108.91,18.82,13.24,100/20 Mbps,FALSE
Fibre to the Premises,Leaptel,VIC,Urban,52.91,18.94,1.93,50/20 Mbps,FALSE
Hybrid Fibre Coaxial,Superloop,VIC,Urban,271.74,23.71,7.46,250/25 Mbps,FALSE
Fibre to the Premises,Telstra,VIC,Urban,108.26,37.95,2.76,100/40 Mbps,FALSE
Fibre to the Node,Leaptel,VIC,Urban,97.36,17.72,8.84,100/20 Mbps,FALSE
Hybrid Fibre Coaxial,Leaptel,VIC,Urban,264.41,23.77,8.54,250/25 Mbps,FALSE
Fibre to the Premises,Aussie Broadband,VIC,Urban,270.58,94.61,2.27,250/100 Mbps,FALSE
Hybrid Fibre Coaxial,Aussie Broadband,VIC,Urban,107.67,37.83,7.89,100/40 Mbps,FALSE
Fibre to the Premises,Exetel,NT + SA,Urban,106.03,18.86,11.23,100/20 Mbps,FALSE
Fibre to the Curb,Optus,VIC,Urban,107.94,18.63,7.15,100/20 Mbps,FALSE
Fibre to the Node,Telstra,VIC,Urban,93.77,18.79,10.95,100/20 Mbps,FALSE
Fibre to the Premises,Telstra,VIC,Major Rural,270.63,23.68,6.66,250/25 Mbps,FALSE
Fibre to the Premises,Other RSPs,TAS,Urban,27.23,9.46,13.91,25/10 Mbps,FALSE
Fibre to the Premises,Leaptel,VIC,Urban,107.65,18.92,2.31,100/20 Mbps,FALSE
Hybrid Fibre Coaxial,TPG,VIC,Urban,23.2,4.68,9.04,25/5 Mbps,FALSE
Fibre to the Premises,Aussie Broadband,VIC,Urban,108.32,18.93,4.34,100/20 Mbps,FALSE
Fibre to the Premises,Dodo & iPrimus,NT + SA,Urban,261.6,23.64,14.1,250/25 Mbps,FALSE
Hybrid Fibre Coaxial,Exetel,VIC,Urban,107.66,18.79,10.81,100/20 Mbps,FALSE
Fibre to the Node,Dodo & iPrimus,VIC,Major Rural,53.47,18.84,13.63,50/20 Mbps,FALSE
Fibre to the Premises,Leaptel,VIC,Urban,105.03,18.96,4.65,100/20 Mbps,FALSE
Hybrid Fibre Coaxial,Exetel,NT + SA,Urban,105.8,18.77,18.57,100/20 Mbps,FALSE
Hybrid Fibre Coaxial,Aussie Broadband,VIC,Urban,99.77,18.78,10.7,100/20 Mbps,FALSE
Hybrid Fibre Coaxial,Dodo & iPrimus,VIC,Urban,26.15,9.33,8.86,25/10 Mbps,FALSE
Fibre to the Premises,TPG,TAS,Urban,105.57,18.82,13.84,100/20 Mbps,FALSE
Fibre to the Premises,Launtel,NT + SA,Urban,103.09,36.66,12.67,100/40 Mbps,FALSE
Hybrid Fibre Coaxial,Telstra,VIC,Urban,106.34,18.7,8.77,100/20 Mbps,FALSE
Fibre to the Premises,Dodo & iPrimus,TAS,Urban,100.5,18.21,13.08,100/20 Mbps,FALSE
Hybrid Fibre Coaxial,Leaptel,VIC,Urban,51.27,18.26,8.34,50/20 Mbps,FALSE
Fibre to the Premises,Exetel,VIC,Urban,108.44,18.84,2.92,100/20 Mbps,FALSE
Hybrid Fibre Coaxial,Vodafone,VIC,Urban,51.47,18.67,8.61,50/20 Mbps,FALSE
Fibre to the Node,Other RSPs,TAS,Urban,27.3,9.21,25.47,25/10 Mbps,FALSE
Fibre to the Premises,Launtel,TAS,Urban,261.86,22.91,9.33,250/25 Mbps,FALSE
Fibre to the Premises,Aussie Broadband,VIC,Urban,105.28,18.79,4.98,100/20 Mbps,FALSE
Fibre to the Premises,Optus,VIC,Urban,108.14,18.67,8.83,100/20 Mbps,FALSE
Fibre to the Node,iiNet,VIC,Urban,51.79,18.88,9.48,50/20 Mbps,FALSE
Fibre to the Premises,iiNet,VIC,Urban,268.75,23.57,18.34,250/25 Mbps,FALSE
Fibre to the Node,Telstra,VIC,Major Rural,44.23,19.04,23.88,50/20 Mbps,FALSE
Fibre to the Node,iiNet,VIC,Urban,53.16,18.62,8.28,50/20 Mbps,FALSE
Hybrid Fibre Coaxial,Optus,NT + SA,Urban,53.49,18.57,19.12,50/20 Mbps,FALSE
Hybrid Fibre Coaxial,iiNet,NT + SA,Urban,47.04,18.81,17.82,50/20 Mbps,FALSE
Fibre to the Premises,Vodafone,NT + SA,Urban,268.17,23.74,11.69,250/25 Mbps,FALSE
Fibre to the Premises,iiNet,TAS,Major Rural,267.24,23.82,14.05,250/25 Mbps,FALSE
Hybrid Fibre Coaxial,Other RSPs,VIC,Urban,100.24,18.23,11.28,100/20 Mbps,FALSE
Fibre to the Node,Aussie Broadband,NT + SA,Urban,104.81,18.69,18.06,100/20 Mbps,FALSE
Fibre to the Premises,TPG,VIC,Urban,106.94,18.78,2.66,100/20 Mbps,FALSE
Fibre to the Node,Vodafone,NT + SA,Urban,49.66,11.54,24.74,50/20 Mbps,FALSE
Hybrid Fibre Coaxial,Aussie Broadband,VIC,Urban,53.76,18.82,7.43,50/20 Mbps,FALSE
Hybrid Fibre Coaxial,Exetel,VIC,Urban,105.4,18.95,11.51,100/20 Mbps,FALSE
Hybrid Fibre Coaxial,Superloop,VIC,Urban,213.88,17.61,8.76,250/25 Mbps,FALSE
Fibre to the Premises,Telstra,VIC,Urban,108.63,18.99,3.71,100/20 Mbps,FALSE
Fibre to the Node,Telstra,NT + SA,Urban,25.45,4.65,16.38,25/5 Mbps,FALSE
Fibre to the Premises,iiNet,TAS,Major Rural,265.21,23.65,16.5,250/25 Mbps,FALSE
Fibre to the Node,Aussie Broadband,VIC,Urban,52.84,18.93,8.48,50/20 Mbps,FALSE
Fibre to the Premises,Exetel,NT + SA,Urban,105.53,18.02,10.57,100/20 Mbps,FALSE
Fibre to the Premises,Optus,TAS,Major Rural,108.6,18.91,12.27,100/20 Mbps,FALSE
Hybrid Fibre Coaxial,Superloop,VIC,Urban,93.98,18.91,8.18,100/20 Mbps,FALSE
Fibre to the Premises,Telstra,NT + SA,Urban,27.17,4.73,11.31,25/5 Mbps,FALSE
Fibre to the Curb,TPG,VIC,Urban,53.07,18.8,5.23,50/20 Mbps,FALSE
Fibre to the Premises,Aussie Broadband,NT + SA,Urban,52.96,18.94,12.56,50/20 Mbps,FALSE
Fibre to the Node,Other RSPs,TAS,Urban,88.66,18.85,17.35,100/20 Mbps,FALSE
Fibre to the Node,Aussie Broadband,VIC,Urban,51.35,18.96,8.75,50/20 Mbps,FALSE
Fibre to the Premises,Leaptel,VIC,Urban,261.54,23.67,4.35,250/25 Mbps,FALSE
Hybrid Fibre Coaxial,Telstra,VIC,Urban,272.25,23.48,7.84,250/25 Mbps,FALSE
Fibre to the Node,iiNet,VIC,Urban,104.43,18.72,15.24,100/20 Mbps,FALSE
Hybrid Fibre Coaxial,Superloop,VIC,Urban,107.69,18.91,8.07,100/20 Mbps,FALSE
Fibre to the Premises,Superloop,VIC,Urban,106.82,18.86,6.53,100/20 Mbps,FALSE
Fibre to the Premises,Superloop,VIC,Urban,88.53,31.83,2.53,100/40 Mbps,FALSE
Fibre to the Curb,Superloop,VIC,Urban,82.36,31.06,5.88,100/40 Mbps,FALSE
Fibre to the Premises,Exetel,VIC,Urban,270.75,23.67,1.97,250/25 Mbps,FALSE
Fibre to the Premises,Superloop,VIC,Urban,53.41,18.87,2.91,50/20 Mbps,FALSE
Fibre to the Premises,Superloop,VIC,Urban,104.36,36.7,1.76,100/40 Mbps,FALSE
Hybrid Fibre Coaxial,Other RSPs,VIC,Urban,94.74,17.83,17.14,100/20 Mbps,FALSE
Fibre to the Node,Dodo & iPrimus,VIC,Urban,40.81,8.47,13.06,50/20 Mbps,FALSE
Fibre to the Node,Dodo & iPrimus,VIC,Minor Rural,96.84,18.66,15.44,100/20 Mbps,FALSE
Fibre to the Node,Aussie Broadband,VIC,Urban,103.41,18.96,10.37,100/20 Mbps,FALSE
Fibre to the Node,Aussie Broadband,NT + SA,Urban,53.26,18.95,18.99,50/20 Mbps,FALSE
Fibre to the Premises,Optus,VIC,Urban,52.35,18.95,4.09,50/20 Mbps,FALSE
Fibre to the Premises,Exetel,VIC,Urban,108.57,37.64,2.64,100/40 Mbps,FALSE
Fibre to the Premises,Optus,VIC,Urban,91.69,18.44,4.33,100/20 Mbps,FALSE
Fibre to the Premises,Aussie Broadband,NT + SA,Urban,53.85,18.95,42.18,50/20 Mbps,FALSE
Fibre to the Premises,Exetel,VIC,Urban,270.61,23.55,1.88,250/25 Mbps,FALSE
Fibre to the Premises,Exetel,VIC,Urban,270.97,23.51,2.41,250/25 Mbps,FALSE
Hybrid Fibre Coaxial,Leaptel,VIC,Urban,106.11,37.88,8.43,100/40 Mbps,FALSE
Fibre to the Node,Leaptel,NT + SA,Urban,53.98,18.85,17.88,50/20 Mbps,FALSE
Hybrid Fibre Coaxial,Dodo & iPrimus,VIC,Urban,106.62,37.69,8.36,100/40 Mbps,FALSE
Fibre to the Premises,Superloop,NT + SA,Urban,106.62,18.9,13.02,100/20 Mbps,FALSE
Fibre to the Premises,iiNet,VIC,Urban,270.29,23.54,2.15,250/25 Mbps,FALSE
Fibre to the Premises,Superloop,NT + SA,Urban,106.13,37.78,11.59,100/40 Mbps,FALSE
Hybrid Fibre Coaxial,Telstra,VIC,Urban,100.76,15.95,10.81,100/20 Mbps,FALSE
Hybrid Fibre Coaxial,Telstra,VIC,Urban,54.47,18.95,8.53,50/20 Mbps,FALSE
Fibre to the Curb,Leaptel,VIC,Urban,105.12,17.97,4.81,100/20 Mbps,FALSE
Fibre to the Premises,Leaptel,VIC,Urban,262.57,94.8,3.15,250/100 Mbps,FALSE
Hybrid Fibre Coaxial,TPG,VIC,Urban,107.25,18.79,8.6,100/20 Mbps,FALSE
Fibre to the Premises,Leaptel,VIC,Urban,254.44,23.38,3.91,250/25 Mbps,FALSE
Fibre to the Node,Aussie Broadband,NT + SA,Urban,99.16,18.86,67.51,100/20 Mbps,FALSE
Fibre to the Premises,Exetel,NT + SA,Urban,91.97,18.01,10.85,100/20 Mbps,FALSE
Fibre to the Node,Other RSPs,VIC,Urban,105.05,18.81,8.74,100/20 Mbps,FALSE
Fibre to the Node,Dodo & iPrimus,NT + SA,Urban,26.26,4.7,25.61,25/5 Mbps,FALSE
Fibre to the Premises,TPG,VIC,Urban,107.46,18.83,4.48,100/20 Mbps,FALSE
Fibre to the Node,Optus,VIC,Urban,57.7,18.76,12.07,100/40 Mbps,TRUE
Hybrid Fibre Coaxial,Telstra,VIC,Urban,54.22,18.42,10.04,50/20 Mbps,FALSE
Fibre to the Curb,iiNet,VIC,Urban,107.87,18.87,4.95,100/20 Mbps,FALSE
Fibre to the Curb,Vodafone,VIC,Urban,92.32,18.63,4.56,100/20 Mbps,FALSE
Fibre to the Node,Aussie Broadband,VIC,Urban,37.72,4.85,11.58,50/20 Mbps,FALSE
Fibre to the Premises,TPG,VIC,Urban,94.34,37.69,4.74,100/40 Mbps,FALSE
Hybrid Fibre Coaxial,Dodo & iPrimus,VIC,Urban,50.77,18.68,8.58,50/20 Mbps,FALSE
Fibre to the Premises,iiNet,TAS,Urban,107.07,16.72,14.09,100/20 Mbps,FALSE
Hybrid Fibre Coaxial,Dodo & iPrimus,VIC,Urban,52.36,18.71,8.98,50/20 Mbps,FALSE
Hybrid Fibre Coaxial,Leaptel,VIC,Urban,262.86,23.72,8.46,250/25 Mbps,FALSE
Fibre to the Node,Optus,VIC,Urban,53.41,19.06,10.22,50/20 Mbps,FALSE
Fibre to the Premises,Other RSPs,VIC,Urban,94.43,18.81,5.63,100/20 Mbps,FALSE
Fibre to the Premises,Exetel,NT + SA,Urban,92.85,37.64,11.61,100/40 Mbps,FALSE
Fibre to the Premises,TPG,NT + SA,Urban,52.8,18.82,62.56,50/20 Mbps,FALSE
Hybrid Fibre Coaxial,Vodafone,VIC,Urban,26.46,3.61,8.58,25/5 Mbps,FALSE
Hybrid Fibre Coaxial,Dodo & iPrimus,VIC,Urban,106.18,18.85,7.43,100/20 Mbps,FALSE
Hybrid Fibre Coaxial,Superloop,VIC,Urban,106.65,18.92,7.88,100/20 Mbps,FALSE
Fibre to the Node,Aussie Broadband,TAS,Urban,49.65,17.24,23.18,50/20 Mbps,FALSE
Hybrid Fibre Coaxial,Vodafone,VIC,Urban,91.94,18.61,8.3,100/20 Mbps,FALSE
Fibre to the Premises,Aussie Broadband,VIC,Urban,107.04,18.94,2.67,100/20 Mbps,FALSE
Fibre to the Premises,Other RSPs,NT + SA,Urban,229.5,23.67,15.87,250/25 Mbps,FALSE
Hybrid Fibre Coaxial,Optus,VIC,Urban,270.51,23.8,8.34,250/25 Mbps,FALSE
Fibre to the Node,iiNet,VIC,Urban,53.31,17.35,10.1,50/20 Mbps,FALSE
Hybrid Fibre Coaxial,Exetel,VIC,Urban,106.57,35.69,8.36,100/40 Mbps,FALSE
Hybrid Fibre Coaxial,Aussie Broadband,VIC,Urban,104.59,37.31,8.77,100/40 Mbps,FALSE
Fibre to the Premises,iiNet,NT + SA,Urban,267.56,23.57,11.88,250/25 Mbps,FALSE
Fibre to the Premises,Telstra,VIC,Urban,53.25,18.74,3.2,50/20 Mbps,FALSE
Hybrid Fibre Coaxial,Exetel,VIC,Urban,105.38,18.79,8.35,100/20 Mbps,FALSE
Fibre to the Node,Superloop,VIC,Urban,32.94,5.29,14.82,100/40 Mbps,TRUE
Fibre to the Node,Telstra,VIC,Urban,105.86,18.87,4.87,100/20 Mbps,FALSE
Fibre to the Premises,Aussie Broadband,NT + SA,Minor Rural,107.27,18.93,10.97,100/20 Mbps,FALSE
Fibre to the Curb,Telstra,VIC,Urban,27.13,4.63,5.85,25/5 Mbps,FALSE
Hybrid Fibre Coaxial,Telstra,NT + SA,Urban,27.11,4.59,15.87,25/5 Mbps,FALSE
Hybrid Fibre Coaxial,Superloop,VIC,Urban,54.32,18.95,9.57,50/20 Mbps,FALSE
Fibre to the Premises,iiNet,VIC,Urban,105.15,18.7,4.22,100/20 Mbps,FALSE
Fibre to the Premises,Optus,VIC,Urban,107.44,18.78,6.84,100/20 Mbps,FALSE
Fibre to the Node,Telstra,VIC,Urban,54.67,19.03,11.65,50/20 Mbps,FALSE
Fibre to the Node,Aussie Broadband,TAS,Urban,26.82,9.48,19.32,25/10 Mbps,FALSE
Hybrid Fibre Coaxial,Telstra,VIC,Urban,91.5,18.68,9.72,100/20 Mbps,FALSE
Fibre to the Premises,Superloop,VIC,Urban,107.99,18.91,3.16,100/20 Mbps,FALSE
Fibre to the Premises,Leaptel,TAS,Urban,54.49,18.96,11.67,50/20 Mbps,FALSE
Hybrid Fibre Coaxial,Vodafone,VIC,Urban,94.07,18.9,9.38,100/20 Mbps,FALSE
Fibre to the Node,Aussie Broadband,VIC,Urban,26.35,9.47,9.08,25/10 Mbps,FALSE
Fibre to the Premises,Telstra,TAS,Urban,109.09,19.02,15.18,100/20 Mbps,FALSE
Hybrid Fibre Coaxial,Telstra,VIC,Urban,54.34,18.81,10.93,50/20 Mbps,FALSE
Fibre to the Premises,iiNet,NT + SA,Urban,106.63,18.77,13.27,100/20 Mbps,FALSE
Fibre to the Node,Leaptel,TAS,Major Rural,105.89,18.94,18.41,100/20 Mbps,FALSE
Hybrid Fibre Coaxial,Telstra,NT + SA,Urban,108.86,18.8,17.98,100/20 Mbps,FALSE
Fibre to the Premises,Dodo & iPrimus,VIC,Urban,106.68,18.81,1.89,100/20 Mbps,FALSE
Hybrid Fibre Coaxial,Superloop,VIC,Urban,105.09,37.88,8.08,100/40 Mbps,FALSE
Fibre to the Node,Aussie Broadband,VIC,Urban,94.72,37.93,11.56,100/40 Mbps,FALSE
Fibre to the Node,Dodo & iPrimus,NT + SA,Urban,51.23,18.76,20.77,50/20 Mbps,FALSE
Fibre to the Node,Telstra,VIC,Urban,53.51,19.03,7.53,50/20 Mbps,FALSE
Fibre to the Node,TPG,NSW,Urban,48.56,13.9,31.54,50/20 Mbps,FALSE
Fibre to the Premises,iiNet,TAS,Urban,52.97,18.85,16.19,50/20 Mbps,FALSE
Hybrid Fibre Coaxial,Leaptel,VIC,Urban,105.04,18.41,8.37,100/20 Mbps,FALSE
Fibre to the Curb,Exetel,NT + SA,Urban,106.62,18.81,12.5,100/20 Mbps,FALSE
Fibre to the Premises,Leaptel,VIC,Urban,261.96,23.41,2.25,250/25 Mbps,FALSE
Fibre to the Node,iiNet,NT + SA,Minor Rural,53.12,18.84,21.89,50/20 Mbps,FALSE
Fibre to the Premises,Leaptel,VIC,Urban,92.83,18.51,2.13,100/20 Mbps,FALSE
Fibre to the Premises,Aussie Broadband,VIC,Urban,53.11,18.81,4.43,50/20 Mbps,FALSE
Hybrid Fibre Coaxial,Vodafone,VIC,Urban,51.82,18.81,11.06,50/20 Mbps,FALSE
Fibre to the Premises,Superloop,VIC,Urban,107.59,18.81,2.14,100/20 Mbps,FALSE
Fibre to the Node,Dodo & iPrimus,VIC,Urban,26.36,4.71,16.57,25/5 Mbps,FALSE
Fibre to the Premises,Leaptel,VIC,Minor Rural,104.38,18.86,7.21,100/20 Mbps,FALSE
Fibre to the Premises,Leaptel,NT + SA,Urban,105.62,14.96,11.08,100/20 Mbps,FALSE
Fibre to the Node,TPG,VIC,Urban,26.13,4.71,18.8,25/5 Mbps,FALSE
Fibre to the Curb,Superloop,VIC,Urban,54.11,19,5.34,50/20 Mbps,FALSE
Fibre to the Node,Launtel,VIC,Minor Rural,46.51,17.99,18.4,50/20 Mbps,FALSE
Fibre to the Premises,Launtel,TAS,Major Rural,104.87,18.19,13.19,100/20 Mbps,FALSE
Fibre to the Premises,Leaptel,NT + SA,Urban,105.56,18.94,10.44,100/20 Mbps,FALSE
Fibre to the Premises,Dodo & iPrimus,VIC,Urban,105.85,18.85,5.43,100/20 Mbps,FALSE
Fibre to the Premises,Aussie Broadband,VIC,Urban,106.68,37.88,4.32,100/40 Mbps,FALSE
Hybrid Fibre Coaxial,Exetel,VIC,Urban,104.51,37.42,8.78,100/40 Mbps,FALSE
Fibre to the Premises,Superloop,TAS,Urban,89.47,18.9,9.93,100/20 Mbps,FALSE
Hybrid Fibre Coaxial,Telstra,VIC,Urban,108.46,18.7,10.18,100/20 Mbps,FALSE
Fibre to the Node,Optus,TAS,Urban,108.85,18.96,18.5,100/20 Mbps,FALSE
Fibre to the Premises,Leaptel,VIC,Urban,52.79,18.85,2.44,50/20 Mbps,FALSE
Fibre to the Premises,Dodo & iPrimus,VIC,Urban,53.2,18.85,4.16,50/20 Mbps,FALSE
Fibre to the Node,Telstra,VIC,Major Rural,47.08,19.02,13.12,50/20 Mbps,FALSE
Fibre to the Node,TPG,NT + SA,Minor Rural,24.97,4.63,31.34,25/5 Mbps,FALSE
Fibre to the Premises,Superloop,NT + SA,Major Rural,107.13,18.78,21.18,100/20 Mbps,FALSE
Fibre to the Premises,Other RSPs,VIC,Urban,89.53,18.77,5.94,100/20 Mbps,FALSE
Hybrid Fibre Coaxial,Superloop,VIC,Urban,271.55,23.6,9,250/25 Mbps,FALSE
Fibre to the Premises,iiNet,VIC,Urban,53.45,18.96,2.25,50/20 Mbps,FALSE
Hybrid Fibre Coaxial,Other RSPs,VIC,Urban,53.17,18.51,10.32,50/20 Mbps,FALSE
Fibre to the Premises,Dodo & iPrimus,VIC,Urban,266.04,23.68,6.17,250/25 Mbps,FALSE
Fibre to the Node,Aussie Broadband,VIC,Urban,41.9,12.16,10.81,50/20 Mbps,FALSE
Fibre to the Curb,TPG,VIC,Urban,106.82,18.82,4.99,100/20 Mbps,FALSE
Fibre to the Node,Leaptel,VIC,Urban,82.13,18.95,6.41,100/20 Mbps,FALSE
Fibre to the Premises,Optus,VIC,Urban,107.96,18.53,3.03,100/20 Mbps,FALSE
Fibre to the Premises,TPG,VIC,Urban,52.64,18.91,2.27,50/20 Mbps,FALSE
Fibre to the Premises,Leaptel,VIC,Urban,251.81,91.58,1.61,250/100 Mbps,FALSE
Fibre to the Premises,Aussie Broadband,VIC,Urban,271.59,23.66,2.08,250/25 Mbps,FALSE
Fibre to the Node,Aussie Broadband,TAS,Minor Rural,75.52,18.82,16.81,75/20 Mbps,FALSE
Fibre to the Premises,Exetel,VIC,Major Rural,52.03,18.77,3.99,50/20 Mbps,FALSE
Hybrid Fibre Coaxial,TPG,VIC,Urban,105.71,18.79,8.84,100/20 Mbps,FALSE
Fibre to the Node,Aussie Broadband,VIC,Urban,46.93,9.62,10.75,50/20 Mbps,FALSE
Fibre to the Premises,Optus,VIC,Urban,267.98,23.51,3,250/25 Mbps,FALSE
Hybrid Fibre Coaxial,Leaptel,VIC,Urban,103.86,35.85,7.92,100/40 Mbps,FALSE
Fibre to the Node,Aussie Broadband,VIC,Urban,41.65,9.41,12.79,50/20 Mbps,FALSE
Fibre to the Node,Superloop,VIC,Major Rural,39.36,11.8,13.4,50/20 Mbps,FALSE
Hybrid Fibre Coaxial,Dodo & iPrimus,VIC,Urban,53.13,18.87,8.11,50/20 Mbps,FALSE
Fibre to the Node,Launtel,TAS,Urban,49.67,15.03,17.27,100/20 Mbps,TRUE
Fibre to the Node,Other RSPs,VIC,Urban,77.2,16.65,9.74,100/20 Mbps,FALSE
Fibre to the Premises,Dodo & iPrimus,VIC,Major Rural,107,18.85,2.9,100/20 Mbps,FALSE
Fibre to the Premises,Leaptel,VIC,Urban,103.43,18.76,2.11,100/20 Mbps,FALSE
Fibre to the Premises,TPG,VIC,Urban,53.25,16.93,6.4,50/20 Mbps,FALSE
Fibre to the Node,Dodo & iPrimus,VIC,Remote,25.95,4.7,12.03,25/5 Mbps,FALSE
Fibre to the Node,Telstra,VIC,Urban,80.54,19.01,11.8,100/20 Mbps,FALSE
Fibre to the Premises,Leaptel,VIC,Urban,84.47,18.3,3.57,100/20 Mbps,FALSE
Fibre to the Premises,Optus,NT + SA,Urban,52.85,18.66,12.26,50/20 Mbps,FALSE
Fibre to the Premises,Dodo & iPrimus,NT + SA,Urban,106.61,18.84,14.28,100/20 Mbps,FALSE
Fibre to the Premises,Other RSPs,VIC,Urban,86.44,37.52,18.79,100/40 Mbps,FALSE
Fibre to the Premises,Aussie Broadband,VIC,Urban,99.71,18.91,1.92,100/20 Mbps,FALSE
Fibre to the Curb,Dodo & iPrimus,VIC,Urban,53.65,18.84,5.97,50/20 Mbps,FALSE
Fibre to the Premises,Dodo & iPrimus,VIC,Urban,107.17,18.65,2.85,100/20 Mbps,FALSE
Hybrid Fibre Coaxial,Optus,VIC,Urban,108.2,37.43,10.55,100/40 Mbps,FALSE
Fibre to the Premises,Exetel,NT + SA,Urban,265.62,23.52,10.29,250/25 Mbps,FALSE
Fibre to the Premises,Superloop,VIC,Urban,53.77,18.92,1.98,50/20 Mbps,FALSE
Fibre to the Premises,Launtel,VIC,Urban,97.25,34.66,4.92,100/40 Mbps,FALSE
Fibre to the Premises,Aussie Broadband,VIC,Urban,268.48,23.07,2.21,250/25 Mbps,FALSE
Fibre to the Node,Telstra,VIC,Major Rural,53.78,15.28,12.32,50/20 Mbps,FALSE
Fibre to the Premises,Exetel,NT + SA,Urban,50.25,17.92,11.58,50/20 Mbps,FALSE
Fibre to the Premises,iiNet,VIC,Urban,99.72,18.74,6.26,100/20 Mbps,FALSE
Fibre to the Node,iiNet,NT + SA,Urban,49,18.61,18.38,50/20 Mbps,FALSE
Fibre to the Node,Aussie Broadband,VIC,Urban,53.42,18.94,8.75,50/20 Mbps,FALSE
Fibre to the Premises,Exetel,TAS,Urban,104.07,37.44,11.31,100/40 Mbps,FALSE
Fibre to the Premises,Dodo & iPrimus,VIC,Urban,267.7,23.53,5.87,250/25 Mbps,FALSE
Hybrid Fibre Coaxial,TPG,VIC,Urban,53.13,18.8,8.77,50/20 Mbps,FALSE
Fibre to the Node,Superloop,VIC,Urban,53.71,5.43,11.7,50/20 Mbps,FALSE
Fibre to the Premises,Other RSPs,NT + SA,Urban,88.56,18.81,14.92,100/20 Mbps,FALSE
Fibre to the Premises,Telstra,VIC,Urban,54.09,19.06,1.98,50/20 Mbps,FALSE
Fibre to the Premises,Exetel,VIC,Urban,270.91,23.62,4.71,250/25 Mbps,FALSE
Fibre to the Node,TPG,TAS,Urban,11.79,0.98,19.71,12/1 Mbps,FALSE
Hybrid Fibre Coaxial,Telstra,VIC,Urban,97.33,18.28,10.12,100/20 Mbps,FALSE
Fibre to the Node,Superloop,NT + SA,Urban,97.09,37.84,19.55,100/40 Mbps,FALSE
Fibre to the Premises,TPG,TAS,Urban,51.99,16.65,16.18,50/20 Mbps,FALSE
Fibre to the Premises,Telstra,VIC,Urban,270.63,23.83,5.11,250/25 Mbps,FALSE
Fibre to the Node,Other RSPs,TAS,Major Rural,52.83,15.11,24.63,100/20 Mbps,TRUE
Hybrid Fibre Coaxial,Optus,VIC,Urban,54.43,18.94,8.87,50/20 Mbps,FALSE
Fibre to the Premises,iiNet,TAS,Urban,102.98,37.88,13.94,100/40 Mbps,FALSE
Fibre to the Node,iiNet,NT + SA,Urban,52.04,18.77,19.71,50/20 Mbps,FALSE
Hybrid Fibre Coaxial,Launtel,VIC,Urban,95.89,17.58,9.35,100/20 Mbps,FALSE
Fibre to the Premises,Launtel,TAS,Urban,100.93,18.06,9.14,100/20 Mbps,FALSE
Fibre to the Premises,Other RSPs,VIC,Urban,94.33,37.88,3.69,100/40 Mbps,FALSE
Hybrid Fibre Coaxial,Optus,VIC,Urban,107.17,37.4,9.29,100/40 Mbps,FALSE
Fibre to the Premises,Exetel,VIC,Urban,271.41,23.5,3.18,250/25 Mbps,FALSE
Fibre to the Premises,Aussie Broadband,VIC,Urban,106.28,18.87,2.94,100/20 Mbps,FALSE
Fibre to the Node,Telstra,VIC,Urban,54.14,19.07,10.71,50/20 Mbps,FALSE
Fibre to the Curb,TPG,VIC,Urban,50.97,18.56,6.84,50/20 Mbps,FALSE
Fibre to the Premises,Leaptel,VIC,Urban,263.84,23.65,2.3,250/25 Mbps,FALSE
Hybrid Fibre Coaxial,Dodo & iPrimus,VIC,Urban,52.29,18.75,8.39,50/20 Mbps,FALSE
Fibre to the Premises,Launtel,TAS,Urban,102.49,18.17,9.8,100/20 Mbps,FALSE
Fibre to the Premises,Exetel,VIC,Urban,53.84,18.93,2.88,50/20 Mbps,FALSE
Hybrid Fibre Coaxial,Telstra,NT + SA,Urban,108.67,18.96,17.25,100/20 Mbps,FALSE
Fibre to the Premises,Other RSPs,TAS,Urban,105.81,18.94,13.73,100/20 Mbps,FALSE
Fibre to the Curb,Dodo & iPrimus,VIC,Urban,52.38,18.85,5.85,50/20 Mbps,FALSE
Fibre to the Node,iiNet,NT + SA,Urban,99.6,37.16,20.82,100/40 Mbps,FALSE
Fibre to the Curb,Telstra,VIC,Urban,54.52,19.08,6.49,50/20 Mbps,FALSE
Hybrid Fibre Coaxial,Vodafone,VIC,Urban,53.19,18.92,12.05,50/20 Mbps,FALSE
Fibre to the Premises,Telstra,VIC,Urban,194.73,20.28,2.3,250/25 Mbps,FALSE
Fibre to the Premises,Dodo & iPrimus,NT + SA,Urban,52.33,18.77,13.77,50/20 Mbps,FALSE
Fibre to the Node,Telstra,NT + SA,Major Rural,26.93,4.8,26.35,25/5 Mbps,FALSE
Hybrid Fibre Coaxial,Dodo & iPrimus,VIC,Urban,26.25,9.4,7.78,25/10 Mbps,FALSE
Hybrid Fibre Coaxial,Aussie Broadband,VIC,Urban,108.08,18.89,10.82,100/20 Mbps,FALSE
Hybrid Fibre Coaxial,Other RSPs,VIC,Urban,47.58,18.63,8.7,50/20 Mbps,FALSE
Hybrid Fibre Coaxial,Aussie Broadband,VIC,Urban,53.53,18.9,8.19,50/20 Mbps,FALSE
Fibre to the Premises,Telstra,VIC,Urban,106.27,18.77,11.8,100/20 Mbps,FALSE
Fibre to the Premises,Telstra,NT + SA,Urban,53.77,17.37,46.48,50/20 Mbps,FALSE
Fibre to the Node,Aussie Broadband,NT + SA,Urban,24.47,6.33,21.51,25/10 Mbps,FALSE
Fibre to the Premises,Optus,VIC,Major Rural,109.01,19.04,14.16,100/20 Mbps,FALSE
Fibre to the Premises,Superloop,NT + SA,Urban,88.59,18.96,13.62,100/20 Mbps,FALSE
Fibre to the Node,Dodo & iPrimus,TAS,Urban,52.88,9.77,20.08,50/20 Mbps,FALSE
Fibre to the Premises,Aussie Broadband,VIC,Urban,108.3,18.95,2.84,100/20 Mbps,FALSE
Fibre to the Curb,Optus,VIC,Urban,54.68,18.8,7.11,50/20 Mbps,FALSE
Fibre to the Premises,Other RSPs,VIC,Urban,27.16,9.45,3.64,25/10 Mbps,FALSE
Fibre to the Curb,Aussie Broadband,VIC,Urban,106.04,37.74,4.69,100/40 Mbps,FALSE
Fibre to the Premises,Telstra,VIC,Urban,53.55,18.82,3.61,50/20 Mbps,FALSE
Fibre to the Node,Other RSPs,VIC,Urban,54.21,0.58,12.57,50/20 Mbps,FALSE
Fibre to the Premises,iiNet,TAS,Urban,52.25,18.79,14.21,50/20 Mbps,FALSE
Fibre to the Premises,Telstra,VIC,Urban,107.62,18.96,2.02,100/20 Mbps,FALSE
Fibre to the Node,Telstra,VIC,Urban,52.79,19.01,11.26,50/20 Mbps,FALSE
Hybrid Fibre Coaxial,Telstra,VIC,Urban,53.84,18.78,9.05,50/20 Mbps,FALSE
Fibre to the Node,Dodo & iPrimus,VIC,Urban,26.14,9.42,6.61,25/10 Mbps,FALSE
Fibre to the Premises,TPG,NT + SA,Urban,107.45,37.73,11.91,100/40 Mbps,FALSE
Fibre to the Premises,Leaptel,VIC,Urban,265.06,23.82,3.86,250/25 Mbps,FALSE
Hybrid Fibre Coaxial,Vodafone,VIC,Urban,52.77,18.62,8.53,50/20 Mbps,FALSE
Fibre to the Node,Aussie Broadband,VIC,Urban,53.55,17.82,10.43,50/20 Mbps,FALSE
Hybrid Fibre Coaxial,Dodo & iPrimus,VIC,Urban,53.08,18.82,7.78,50/20 Mbps,FALSE
Fibre to the Premises,Other RSPs,TAS,Urban,95.31,18.88,15.55,100/20 Mbps,FALSE
Fibre to the Node,TPG,VIC,Urban,31.53,9.75,12.2,50/20 Mbps,TRUE
Hybrid Fibre Coaxial,Aussie Broadband,VIC,Urban,53.9,18.92,8.33,50/20 Mbps,FALSE
Fibre to the Node,Superloop,VIC,Minor Rural,20.69,5.29,15.1,25/10 Mbps,FALSE
Fibre to the Node,Leaptel,VIC,Urban,98,36.36,9.93,100/40 Mbps,FALSE
Fibre to the Node,Dodo & iPrimus,VIC,Urban,50.29,12.83,12.41,50/20 Mbps,FALSE
Hybrid Fibre Coaxial,Aussie Broadband,NT + SA,Urban,27.11,9.46,17.94,25/10 Mbps,FALSE
Fibre to the Premises,Exetel,VIC,Urban,53.92,18.8,2.77,50/20 Mbps,FALSE
Fibre to the Node,Dodo & iPrimus,NT + SA,Urban,52.69,18.86,19.71,50/20 Mbps,FALSE
Fibre to the Curb,Optus,VIC,Urban,107.98,37.38,6.7,100/40 Mbps,FALSE
Fibre to the Node,TPG,VIC,Major Rural,53.44,18.8,15.03,50/20 Mbps,FALSE
Fibre to the Premises,Superloop,VIC,Urban,109.29,18.96,2.07,100/20 Mbps,FALSE
Hybrid Fibre Coaxial,TPG,VIC,Urban,106.94,18.77,8.39,100/20 Mbps,FALSE
Hybrid Fibre Coaxial,Telstra,VIC,Urban,108.85,18.81,11.76,100/20 Mbps,FALSE
Fibre to the Premises,Leaptel,VIC,Urban,263.57,22.75,2.58,250/25 Mbps,FALSE
Hybrid Fibre Coaxial,Leaptel,VIC,Urban,262.7,23.68,8.36,250/25 Mbps,FALSE
Hybrid Fibre Coaxial,Vodafone,VIC,Urban,269.82,23.8,8.93,250/25 Mbps,FALSE
Fibre to the Premises,Dodo & iPrimus,VIC,Urban,265.87,23.63,3.1,250/25 Mbps,FALSE
Fibre to the Node,Dodo & iPrimus,VIC,Urban,15.43,4.66,11.5,15/5 Mbps,FALSE
Fibre to the Premises,Superloop,NT + SA,Urban,53.87,18.83,11.42,50/20 Mbps,FALSE
Hybrid Fibre Coaxial,Optus,VIC,Urban,54.37,18.53,12.4,50/20 Mbps,FALSE
Fibre to the Premises,TPG,NT + SA,Urban,268.32,23.65,62.11,250/25 Mbps,FALSE
Hybrid Fibre Coaxial,Other RSPs,VIC,Urban,95.53,37.38,9.54,100/40 Mbps,FALSE
Fibre to the Curb,TPG,VIC,Urban,52.79,18.84,4.55,50/20 Mbps,FALSE
Hybrid Fibre Coaxial,Dodo & iPrimus,QLD,Urban,106.09,37.65,9.81,100/40 Mbps,FALSE
Fibre to the Premises,Exetel,NSW,Urban,53.08,18.58,12.21,50/20 Mbps,FALSE
Fibre to the Premises,Aussie Broadband,QLD,Urban,96.68,18.28,2.92,100/20 Mbps,FALSE
Hybrid Fibre Coaxial,Leaptel,WA,Urban,52.72,18.77,9.17,50/20 Mbps,FALSE
Fibre to the Node,Superloop,NSW,Urban,101.41,18.81,13.03,100/20 Mbps,FALSE
Fibre to the Premises,TPG,QLD,Urban,107.02,18.83,3.32,100/20 Mbps,FALSE
Fibre to the Premises,Telstra,TAS,Urban,51.62,18.95,12.86,50/20 Mbps,FALSE
Fibre to the Premises,iiNet,WA,Urban,52.19,18.94,3.6,50/20 Mbps,FALSE
Fibre to the Node,Other RSPs,NSW,Urban,30.14,5.66,11.79,50/20 Mbps,TRUE
Fibre to the Premises,TPG,NSW,Urban,107.05,18.81,1.45,100/20 Mbps,FALSE
Fibre to the Curb,Aussie Broadband,QLD,Major Rural,53.88,18.89,9.94,50/20 Mbps,FALSE
Fibre to the Premises,Launtel,ACT,Urban,92.76,18.23,6.18,100/20 Mbps,FALSE
Fibre to the Premises,Leaptel,QLD,Urban,106.26,18.96,2.92,100/20 Mbps,FALSE
Fibre to the Node,Telstra,NSW,Urban,100.27,19.09,12.89,100/20 Mbps,FALSE
Fibre to the Premises,Other RSPs,QLD,Urban,104.13,18.84,4.41,100/20 Mbps,FALSE
Fibre to the Premises,Exetel,NSW,Urban,269.09,23.59,2.09,250/25 Mbps,FALSE
Hybrid Fibre Coaxial,Launtel,NSW,Urban,99.17,18.25,7.72,100/20 Mbps,FALSE
Fibre to the Node,Dodo & iPrimus,NSW,Major Rural,26.35,4.71,16.11,25/5 Mbps,FALSE
Fibre to the Premises,Exetel,NSW,Urban,101.87,37.27,2.55,100/40 Mbps,FALSE
Hybrid Fibre Coaxial,Telstra,WA,Urban,107.21,18.93,8.24,100/20 Mbps,FALSE
Fibre to the Node,iiNet,NSW,Urban,26.6,4.73,11.17,25/5 Mbps,FALSE
Fibre to the Node,Exetel,NSW,Urban,53.3,17.58,9.17,50/20 Mbps,FALSE
Fibre to the Premises,Exetel,NSW,Urban,108.03,37.72,5.3,100/40 Mbps,FALSE
Fibre to the Node,Dodo & iPrimus,QLD,Urban,26.26,9.43,11.67,25/10 Mbps,FALSE
Fibre to the Node,Dodo & iPrimus,NT + SA,Urban,52.65,18.83,18.34,50/20 Mbps,FALSE
Fibre to the Premises,Superloop,NSW,Urban,224.63,22.62,1.98,250/25 Mbps,FALSE
Fibre to the Node,Dodo & iPrimus,QLD,Urban,24.12,4.68,13.33,25/5 Mbps,FALSE
Fibre to the Premises,iiNet,NSW,Urban,53.04,18.87,2.42,50/20 Mbps,FALSE
Fibre to the Premises,Telstra,NSW,Urban,105.91,18.81,5.61,100/20 Mbps,FALSE
Fibre to the Premises,Exetel,VIC,Urban,104.98,37.52,2.92,100/40 Mbps,FALSE
Fibre to the Curb,Superloop,NSW,Urban,84.08,37.9,5.24,100/40 Mbps,FALSE
Fibre to the Premises,Exetel,NSW,Urban,52.75,18.77,4.73,50/20 Mbps,FALSE
Fibre to the Premises,Launtel,NSW,Major Rural,244.68,74.28,3.34,250/100 Mbps,FALSE
Fibre to the Premises,Leaptel,ACT,Urban,104.82,18.72,7.59,100/20 Mbps,FALSE
Fibre to the Premises,Exetel,NSW,Urban,53.48,18.78,2.74,50/20 Mbps,FALSE
Hybrid Fibre Coaxial,Telstra,VIC,Urban,108.81,18.69,8.1,100/20 Mbps,FALSE
Fibre to the Premises,Telstra,NSW,Urban,94.06,19.05,3,100/20 Mbps,FALSE
Fibre to the Premises,Superloop,QLD,Urban,51.89,18.96,2.53,50/20 Mbps,FALSE
Hybrid Fibre Coaxial,Exetel,NSW,Urban,53.23,18.69,8.18,50/20 Mbps,FALSE
Fibre to the Node,Leaptel,ACT,Urban,54.88,18.96,13.44,100/20 Mbps,TRUE
Fibre to the Premises,Superloop,WA,Urban,271.28,23.71,2.43,250/25 Mbps,FALSE
Fibre to the Premises,Exetel,ACT,Urban,93.26,18.96,8.71,100/20 Mbps,FALSE
Fibre to the Node,Telstra,QLD,Urban,53,15.08,22.36,50/20 Mbps,FALSE
Fibre to the Curb,Optus,NSW,Major Rural,51.73,18.57,7.79,50/20 Mbps,FALSE
Hybrid Fibre Coaxial,Telstra,QLD,Urban,272.11,23.45,9.43,250/25 Mbps,FALSE
Hybrid Fibre Coaxial,Leaptel,QLD,Urban,106.38,18.97,8.21,100/20 Mbps,FALSE
Fibre to the Premises,Exetel,WA,Urban,54.37,18.87,5.93,50/20 Mbps,FALSE
Fibre to the Node,TPG,NSW,Urban,52.72,16.86,10.52,50/20 Mbps,FALSE
Fibre to the Node,Dodo & iPrimus,VIC,Urban,40.01,12.39,16.58,50/20 Mbps,FALSE
Fibre to the Premises,Exetel,NSW,Urban,52.29,18.83,5.04,50/20 Mbps,FALSE
Hybrid Fibre Coaxial,Other RSPs,QLD,Urban,24.96,4.61,7.74,25/5 Mbps,FALSE
Hybrid Fibre Coaxial,Vodafone,NSW,Urban,52.7,18.6,7.83,50/20 Mbps,FALSE
Fibre to the Node,Leaptel,WA,Urban,29.58,7.84,9.71,50/20 Mbps,TRUE
Hybrid Fibre Coaxial,Superloop,QLD,Urban,100.84,18.41,13.5,100/20 Mbps,FALSE
Fibre to the Node,Dodo & iPrimus,WA,Urban,53.12,18.8,,50/20 Mbps,FALSE
Fibre to the Premises,Other RSPs,VIC,Urban,51.16,18.83,15.47,50/20 Mbps,FALSE
Fibre to the Premises,Superloop,NSW,Urban,53.89,18.88,4.49,50/20 Mbps,FALSE
Fibre to the Curb,Optus,NSW,Urban,52.82,18.59,5.65,50/20 Mbps,FALSE
Fibre to the Premises,Telstra,NSW,Urban,108.81,19.05,7.79,100/20 Mbps,FALSE
Hybrid Fibre Coaxial,Other RSPs,QLD,Urban,43.33,18.63,14.89,50/20 Mbps,FALSE
Fibre to the Node,Telstra,NSW,Urban,107.94,18.9,16.56,100/20 Mbps,FALSE
Hybrid Fibre Coaxial,Vodafone,QLD,Urban,92.87,18.61,9.43,100/20 Mbps,FALSE
Hybrid Fibre Coaxial,Exetel,NSW,Urban,51.83,18.74,11.54,50/20 Mbps,FALSE
Fibre to the Premises,Superloop,NSW,Urban,107.96,18.89,2.94,100/20 Mbps,FALSE
Hybrid Fibre Coaxial,Optus,VIC,Urban,52.85,18.55,10.11,50/20 Mbps,FALSE
Fibre to the Premises,Exetel,NSW,Urban,107.74,18.83,2.74,100/20 Mbps,FALSE
Fibre to the Premises,TPG,NSW,Major Rural,106.84,16.56,3.03,100/20 Mbps,FALSE
Fibre to the Premises,Exetel,NSW,Urban,501.22,46.91,5.49,500/50 Mbps,FALSE
Fibre to the Premises,Aussie Broadband,NSW,Urban,104.81,18.69,4.99,100/20 Mbps,FALSE
Fibre to the Premises,TPG,NSW,Urban,267.02,23.66,4.06,250/25 Mbps,FALSE
Hybrid Fibre Coaxial,Aussie Broadband,NSW,Urban,72.67,18.85,8.09,75/20 Mbps,FALSE
Fibre to the Premises,Other RSPs,QLD,Urban,240.72,23.55,18.78,250/25 Mbps,FALSE
Hybrid Fibre Coaxial,Dodo & iPrimus,QLD,Urban,104.45,18.82,10.1,100/20 Mbps,FALSE
Fibre to the Node,iiNet,NSW,Urban,23.28,8.83,12,25/10 Mbps,FALSE
Fibre to the Premises,Telstra,NSW,Urban,108.01,18.99,3.24,100/20 Mbps,FALSE
Fibre to the Premises,Dodo & iPrimus,NT + SA,Urban,107.37,18.84,44.28,100/20 Mbps,FALSE
Fibre to the Premises,Vodafone,NSW,Urban,107.38,18.77,5.04,100/20 Mbps,FALSE
Hybrid Fibre Coaxial,Dodo & iPrimus,NSW,Urban,107.33,18.84,8.73,100/20 Mbps,FALSE
Fibre to the Premises,Leaptel,QLD,Major Rural,266.29,23.81,3.32,250/25 Mbps,FALSE
Fibre to the Premises,Telstra,NSW,Major Rural,108.92,18.8,13.52,100/20 Mbps,FALSE
Fibre to the Premises,Superloop,NSW,Urban,108.19,18.95,12.98,100/20 Mbps,FALSE
Fibre to the Premises,TPG,QLD,Urban,107.69,18.86,2.33,100/20 Mbps,FALSE
Fibre to the Premises,Exetel,NSW,Urban,107.07,18.74,5.32,100/20 Mbps,FALSE
Fibre to the Node,Optus,NSW,Urban,46.14,17.45,9.72,50/20 Mbps,FALSE
Hybrid Fibre Coaxial,Vodafone,QLD,Urban,84.91,18.85,10.27,100/20 Mbps,FALSE
Fibre to the Premises,iiNet,WA,Urban,84.33,31.24,10.23,100/40 Mbps,FALSE
Fibre to the Premises,TPG,QLD,Major Rural,26.06,4.7,2.62,25/5 Mbps,FALSE
Fibre to the Premises,Leaptel,NSW,Urban,25.06,9.45,3.66,25/10 Mbps,FALSE
Hybrid Fibre Coaxial,Telstra,VIC,Urban,51.46,16.16,13.05,50/20 Mbps,FALSE
Fibre to the Premises,iiNet,NSW,Urban,92.71,18.87,11.21,100/20 Mbps,FALSE
Hybrid Fibre Coaxial,Other RSPs,VIC,Urban,51.39,18.77,8.18,50/20 Mbps,FALSE
Fibre to the Premises,Launtel,NSW,Urban,51.58,18.2,3.21,50/20 Mbps,FALSE
Hybrid Fibre Coaxial,Telstra,NSW,Urban,103.76,18.35,10.85,100/20 Mbps,FALSE
Fibre to the Node,TPG,NSW,Major Rural,26.38,4.71,18.35,25/5 Mbps,FALSE
Hybrid Fibre Coaxial,TPG,NSW,Urban,106.46,18.88,7.92,100/20 Mbps,FALSE
Fibre to the Premises,Optus,NSW,Urban,272.22,23.21,3.45,250/25 Mbps,FALSE
Fibre to the Premises,Exetel,QLD,Urban,253.02,23.22,4.41,250/25 Mbps,FALSE
Fibre to the Node,Aussie Broadband,NSW,Urban,51.11,18.72,13.16,50/20 Mbps,FALSE
Hybrid Fibre Coaxial,Optus,NSW,Urban,109.03,37.41,9.09,100/40 Mbps,FALSE
Fibre to the Node,Telstra,NSW,Urban,26.29,4.95,16.12,25/5 Mbps,FALSE
Fibre to the Node,Optus,NSW,Urban,61.17,18.88,13.74,100/20 Mbps,TRUE
Fibre to the Premises,Superloop,NSW,Urban,107.04,18.91,2.02,100/20 Mbps,FALSE
Fibre to the Premises,Exetel,QLD,Major Rural,46.17,17.62,6.56,50/20 Mbps,FALSE
Fibre to the Premises,Exetel,QLD,Urban,50.76,18.86,1.9,50/20 Mbps,FALSE
Fibre to the Premises,Superloop,QLD,Urban,107.51,37.76,2.86,100/40 Mbps,FALSE
Fibre to the Premises,Telstra,NSW,Urban,53.69,18.99,4.93,50/20 Mbps,FALSE
Fibre to the Node,Optus,NSW,Urban,37.84,8.02,17.02,50/20 Mbps,FALSE
Fibre to the Premises,Dodo & iPrimus,WA,Urban,25.83,4.67,3.59,25/5 Mbps,FALSE
Fibre to the Node,iiNet,NT + SA,Urban,41.31,9.36,19.42,50/20 Mbps,FALSE
Hybrid Fibre Coaxial,TPG,QLD,Urban,103.68,37.56,11.03,100/40 Mbps,FALSE
Fibre to the Premises,Exetel,NSW,Urban,263.67,23.54,3.83,250/25 Mbps,FALSE
Fibre to the Premises,Exetel,NSW,Urban,269.58,23.56,16.51,250/25 Mbps,FALSE
Fibre to the Node,Vodafone,WA,Urban,26.16,4.33,10.09,25/5 Mbps,FALSE
Fibre to the Node,iiNet,QLD,Urban,53.28,18.81,10.22,50/20 Mbps,FALSE
Hybrid Fibre Coaxial,TPG,WA,Urban,107.07,18.8,9.25,100/20 Mbps,FALSE
Fibre to the Premises,Launtel,WA,Urban,105.2,18.23,2.98,100/20 Mbps,FALSE
Fibre to the Node,Telstra,NSW,Urban,54.31,19.09,10.18,50/20 Mbps,FALSE
Fibre to the Premises,TPG,VIC,Urban,96.57,16.08,10.34,100/20 Mbps,FALSE
Fibre to the Node,iiNet,NSW,Urban,52.88,18.58,10.61,50/20 Mbps,FALSE
Fibre to the Premises,Telstra,QLD,Urban,106.02,18.76,19.37,100/20 Mbps,FALSE
Fibre to the Node,iiNet,NSW,Minor Rural,52.66,18.89,18.39,50/20 Mbps,FALSE
Fibre to the Node,Dodo & iPrimus,QLD,Urban,23.44,9.13,10.58,25/10 Mbps,FALSE
Fibre to the Node,Other RSPs,QLD,Urban,52.22,18.79,30.83,50/20 Mbps,FALSE
Hybrid Fibre Coaxial,Dodo & iPrimus,VIC,Urban,102.45,18.79,10.46,100/20 Mbps,FALSE
Fibre to the Premises,Aussie Broadband,ACT,Urban,103.86,18.84,6.87,100/20 Mbps,FALSE
Hybrid Fibre Coaxial,TPG,VIC,Urban,52.73,18.78,7.96,50/20 Mbps,FALSE
Fibre to the Premises,Other RSPs,VIC,Major Rural,248.27,23.68,12.12,250/25 Mbps,FALSE
Fibre to the Node,Exetel,QLD,Urban,37.83,7.81,26.94,50/20 Mbps,FALSE
Fibre to the Premises,Leaptel,WA,Urban,52.5,18.9,2.33,50/20 Mbps,FALSE
Fibre to the Premises,Exetel,NSW,Urban,277.9,40.39,2.46,500/50 Mbps,TRUE
Fibre to the Node,Aussie Broadband,WA,Urban,53.84,18.93,16.74,50/20 Mbps,FALSE
Hybrid Fibre Coaxial,Superloop,QLD,Urban,103.1,18.61,8.19,100/20 Mbps,FALSE
Fibre to the Node,Exetel,NSW,Minor Rural,51.86,10.06,22.8,50/20 Mbps,FALSE
Fibre to the Node,Dodo & iPrimus,NSW,Urban,26.34,4.71,19.61,25/5 Mbps,FALSE
Hybrid Fibre Coaxial,Optus,QLD,Urban,107.62,37.46,8.06,100/40 Mbps,FALSE
Hybrid Fibre Coaxial,Superloop,QLD,Urban,105.22,37.61,7.81,100/40 Mbps,FALSE
Fibre to the Node,Aussie Broadband,ACT,Urban,73.57,18.96,13.24,75/20 Mbps,FALSE
Fibre to the Node,Superloop,NSW,Urban,50.28,8.51,10.91,50/20 Mbps,FALSE
Fibre to the Premises,Other RSPs,NT + SA,Urban,97.68,18.68,23.5,100/20 Mbps,FALSE
Fibre to the Premises,Optus,NSW,Urban,108.62,18.64,3.2,100/20 Mbps,FALSE
Hybrid Fibre Coaxial,Vodafone,NSW,Urban,108.18,18.95,7.98,100/20 Mbps,FALSE
Fibre to the Premises,Telstra,NSW,Urban,108.7,19.03,2.14,100/20 Mbps,FALSE
Hybrid Fibre Coaxial,Dodo & iPrimus,QLD,Urban,105.22,18.72,9.32,100/20 Mbps,FALSE
Fibre to the Node,TPG,VIC,Urban,105.26,16.76,19.8,100/20 Mbps,FALSE
Fibre to the Premises,TPG,NSW,Urban,52.46,18.77,2.65,50/20 Mbps,FALSE
Hybrid Fibre Coaxial,Superloop,NSW,Urban,108.39,37.44,8.37,100/40 Mbps,FALSE
Fibre to the Premises,Aussie Broadband,NSW,Urban,108.46,18.96,12.37,100/20 Mbps,FALSE
Hybrid Fibre Coaxial,Telstra,QLD,Urban,105.25,18.76,7.58,100/20 Mbps,FALSE
Fibre to the Node,Other RSPs,NSW,Urban,51.58,9.6,14.26,50/20 Mbps,FALSE
Fibre to the Node,Dodo & iPrimus,ACT,Urban,52.84,17.71,12.55,50/20 Mbps,FALSE
Fibre to the Premises,Superloop,WA,Urban,53.63,18.93,2.89,50/20 Mbps,FALSE
Hybrid Fibre Coaxial,Optus,QLD,Urban,105.54,37.63,10.2,100/40 Mbps,FALSE
Fibre to the Node,TPG,WA,Urban,53.68,16.74,9.43,50/20 Mbps,FALSE
Fibre to the Node,TPG,QLD,Major Rural,26.25,4.7,35.81,25/5 Mbps,FALSE
Fibre to the Node,Optus,WA,Urban,67.59,18.86,28.48,100/20 Mbps,TRUE
Fibre to the Node,Telstra,NSW,Urban,25.83,4.74,18.97,25/5 Mbps,FALSE
Fibre to the Premises,Optus,NSW,Urban,103.9,17.06,17.57,100/20 Mbps,FALSE
Fibre to the Premises,Exetel,NSW,Urban,103.99,37.2,3.69,100/40 Mbps,FALSE
Fibre to the Premises,Leaptel,VIC,Urban,102.65,17.2,2.08,100/20 Mbps,FALSE
Fibre to the Curb,Telstra,NSW,Urban,53.05,18.78,7.73,50/20 Mbps,FALSE
Fibre to the Premises,Dodo & iPrimus,NSW,Urban,53.33,18.79,4.41,50/20 Mbps,FALSE
Fibre to the Premises,Optus,NSW,Urban,53.63,18.7,3.94,50/20 Mbps,FALSE
Fibre to the Node,Vodafone,WA,Urban,67.46,18.93,9.69,100/20 Mbps,TRUE
Fibre to the Premises,TPG,NSW,Urban,268.77,21.61,2.76,250/25 Mbps,FALSE
Fibre to the Node,Other RSPs,NSW,Urban,26.48,4.71,11.14,25/5 Mbps,FALSE
Fibre to the Node,Optus,NSW,Urban,54.34,11.75,11.34,50/20 Mbps,FALSE
Fibre to the Premises,Exetel,NSW,Urban,92.31,35.62,2.81,100/40 Mbps,FALSE
Fibre to the Node,Other RSPs,QLD,Major Rural,33.42,3.5,26.18,50/20 Mbps,FALSE
Fibre to the Node,Telstra,NSW,Major Rural,106.67,19.03,13.16,100/20 Mbps,FALSE
Hybrid Fibre Coaxial,Aussie Broadband,NSW,Urban,73.94,18.68,9.24,75/20 Mbps,FALSE
Fibre to the Node,Aussie Broadband,WA,Urban,25.21,3.9,10.07,25/10 Mbps,FALSE
Fibre to the Premises,Dodo & iPrimus,WA,Urban,106.82,18.77,6.21,100/20 Mbps,FALSE
Fibre to the Premises,Launtel,TAS,Urban,89.2,17.89,9.64,100/20 Mbps,FALSE
Fibre to the Node,Telstra,QLD,Urban,53.96,19.06,15.38,50/20 Mbps,FALSE
Fibre to the Curb,Telstra,NSW,Urban,79.85,18.06,5.98,100/20 Mbps,FALSE
Hybrid Fibre Coaxial,Aussie Broadband,QLD,Urban,108.3,37.91,7.62,100/40 Mbps,FALSE
Hybrid Fibre Coaxial,Superloop,QLD,Urban,106.49,18.43,9.76,100/20 Mbps,FALSE
Fibre to the Premises,Superloop,NSW,Urban,105.73,36.73,3.36,100/40 Mbps,FALSE
Hybrid Fibre Coaxial,Telstra,QLD,Urban,109.16,18.81,8.26,100/20 Mbps,FALSE
Fibre to the Premises,iiNet,NT + SA,Urban,108.39,18.97,12.95,100/20 Mbps,FALSE
Hybrid Fibre Coaxial,TPG,NSW,Urban,52.31,18.82,8.24,50/20 Mbps,FALSE
Fibre to the Node,Dodo & iPrimus,WA,Urban,23.63,9.34,10.58,25/10 Mbps,FALSE
Fibre to the Node,TPG,NSW,Urban,45.86,7.86,10.57,50/20 Mbps,FALSE
Fibre to the Node,Exetel,NSW,Urban,51.09,18.76,10.31,50/20 Mbps,FALSE
Fibre to the Node,Dodo & iPrimus,NSW,Urban,53.39,18.83,11.58,50/20 Mbps,FALSE
Fibre to the Premises,Dodo & iPrimus,NSW,Urban,106.82,18.82,4.66,100/20 Mbps,FALSE
Fibre to the Node,Telstra,NSW,Minor Rural,27.29,4.73,13.31,25/5 Mbps,FALSE
Fibre to the Premises,Telstra,NSW,Urban,108.88,18.84,9.78,100/20 Mbps,FALSE
Hybrid Fibre Coaxial,Superloop,NSW,Urban,82.3,37.69,8.55,100/40 Mbps,FALSE
Fibre to the Premises,Aussie Broadband,NSW,Urban,271.05,23.68,5.42,250/25 Mbps,FALSE
Fibre to the Node,Exetel,NSW,Urban,53.42,18.8,9.69,50/20 Mbps,FALSE
Fibre to the Premises,TPG,NSW,Urban,107.48,18.82,2.26,100/20 Mbps,FALSE
Fibre to the Premises,Other RSPs,VIC,Urban,246.22,23.82,15.28,250/25 Mbps,FALSE
Hybrid Fibre Coaxial,Vodafone,QLD,Urban,52.88,18.64,10.58,50/20 Mbps,FALSE
Fibre to the Node,TPG,NSW,Urban,53.42,19,9.9,50/20 Mbps,FALSE
Fibre to the Premises,Leaptel,QLD,Major Rural,263.51,93.68,22.87,250/100 Mbps,FALSE
Fibre to the Node,Leaptel,ACT,Urban,51.53,18.91,11.2,50/20 Mbps,FALSE
Fibre to the Node,Telstra,QLD,Urban,107.58,18.97,24.19,100/20 Mbps,FALSE
Fibre to the Node,Aussie Broadband,QLD,Major Rural,34.58,6.78,30.22,50/20 Mbps,TRUE
Hybrid Fibre Coaxial,TPG,QLD,Urban,208.52,23.07,9.76,250/25 Mbps,FALSE
Hybrid Fibre Coaxial,Dodo & iPrimus,QLD,Urban,50.75,18.56,10.6,50/20 Mbps,FALSE
Fibre to the Premises,Aussie Broadband,NSW,Urban,107.21,18.9,4.23,100/20 Mbps,FALSE
Hybrid Fibre Coaxial,Optus,NSW,Urban,53.75,18.65,9.03,50/20 Mbps,FALSE
Hybrid Fibre Coaxial,Other RSPs,QLD,Urban,94.82,17.3,23.04,100/20 Mbps,FALSE
Fibre to the Premises,TPG,WA,Urban,264.76,21.28,3.28,250/25 Mbps,FALSE
Fibre to the Premises,Telstra,QLD,Urban,108,19.03,17.37,100/20 Mbps,FALSE
Fibre to the Premises,Vodafone,ACT,Urban,106.77,18.94,7.3,100/20 Mbps,FALSE
Hybrid Fibre Coaxial,Telstra,QLD,Urban,52.81,18.75,8.1,50/20 Mbps,FALSE
Fibre to the Node,Exetel,NSW,Major Rural,94.5,37.37,21.38,100/40 Mbps,FALSE
Fibre to the Curb,TPG,WA,Urban,52.96,18.74,16.3,50/20 Mbps,FALSE
Fibre to the Premises,Superloop,QLD,Urban,259.52,23.32,4.53,250/25 Mbps,FALSE
Fibre to the Premises,Telstra,NSW,Urban,109.24,18.98,4.52,100/20 Mbps,FALSE
Fibre to the Premises,Aussie Broadband,NSW,Urban,94.13,18.92,10.65,100/20 Mbps,FALSE
Fibre to the Premises,TPG,VIC,Urban,105.66,18.83,6.85,100/20 Mbps,FALSE
Fibre to the Node,Telstra,NSW,Urban,26.63,4.71,8.52,25/5 Mbps,FALSE
Fibre to the Premises,Leaptel,NSW,Minor Rural,104.98,18.85,5.21,100/20 Mbps,FALSE
Fibre to the Node,Optus,NSW,Urban,44.49,9.96,9.64,50/20 Mbps,FALSE
Fibre to the Premises,Leaptel,QLD,Urban,51.3,18.81,3.93,50/20 Mbps,FALSE
Fibre to the Premises,Exetel,WA,Urban,53.1,18.8,3.18,50/20 Mbps,FALSE
Fibre to the Premises,Dodo & iPrimus,NSW,Urban,107.2,37.7,19.25,100/40 Mbps,FALSE
Fibre to the Premises,Exetel,NSW,Urban,108.5,18.77,13.14,100/20 Mbps,FALSE
Fibre to the Premises,Aussie Broadband,WA,Urban,108.64,37.94,1.59,100/40 Mbps,FALSE
Fibre to the Node,iiNet,WA,Urban,33.73,6.31,9.78,50/20 Mbps,TRUE
Fibre to the Premises,Optus,VIC,Urban,272.77,23.23,3.23,250/25 Mbps,FALSE
Fibre to the Premises,Superloop,QLD,Urban,108.01,18.91,17.02,100/20 Mbps,FALSE
Hybrid Fibre Coaxial,Other RSPs,QLD,Urban,49.67,17.94,20.26,50/20 Mbps,FALSE
Fibre to the Node,Superloop,NSW,Major Rural,99.06,35.06,15.26,100/40 Mbps,FALSE
Fibre to the Node,iiNet,NSW,Major Rural,53.52,18.9,18.9,50/20 Mbps,FALSE
Fibre to the Premises,TPG,NSW,Urban,53.37,18.85,4.03,50/20 Mbps,FALSE
Fibre to the Premises,TPG,NSW,Urban,50.25,18.7,3.55,50/20 Mbps,FALSE
Fibre to the Premises,TPG,NSW,Urban,105.79,16.52,3.11,100/20 Mbps,FALSE
Fibre to the Node,Other RSPs,NSW,Urban,52.5,18.82,11.73,50/20 Mbps,FALSE
Fibre to the Premises,Other RSPs,VIC,Urban,53.44,18.85,15.63,50/20 Mbps,FALSE
Fibre to the Node,TPG,NSW,Urban,105.11,18.83,5.95,100/20 Mbps,FALSE
Fibre to the Node,Aussie Broadband,NSW,Remote,28.95,8.71,15.23,50/20 Mbps,TRUE
Fibre to the Premises,TPG,VIC,Major Rural,106.95,18.67,11.31,100/20 Mbps,FALSE
Hybrid Fibre Coaxial,Dodo & iPrimus,NSW,Urban,105.64,37.61,9.81,100/40 Mbps,FALSE
Fibre to the Premises,iiNet,NSW,Urban,34.95,17.75,13.32,50/20 Mbps,FALSE
Fibre to the Premises,Dodo & iPrimus,NSW,Urban,91.99,18.69,6.37,100/20 Mbps,FALSE
Fibre to the Node,Exetel,NSW,Urban,52.7,18.85,6.32,50/20 Mbps,FALSE
Fibre to the Node,iiNet,NSW,Urban,83.8,31.4,9.72,100/40 Mbps,FALSE
Fibre to the Node,Other RSPs,NT + SA,Urban,19.39,7.26,36.44,25/10 Mbps,FALSE
Fibre to the Premises,TPG,NSW,Urban,52.99,18.86,3.82,50/20 Mbps,FALSE
Hybrid Fibre Coaxial,Optus,NSW,Urban,106.02,18.93,12.08,100/20 Mbps,FALSE
Fibre to the Premises,Dodo & iPrimus,NSW,Urban,268.24,23.66,4.84,250/25 Mbps,FALSE
Fibre to the Premises,Superloop,NSW,Urban,108.43,18.94,3.17,100/20 Mbps,FALSE
Fibre to the Premises,iiNet,ACT,Urban,88.41,18.75,7.05,100/20 Mbps,FALSE
Fibre to the Premises,Telstra,VIC,Urban,92.11,18.75,11.49,100/20 Mbps,FALSE
Fibre to the Premises,Other RSPs,QLD,Urban,100.18,18.62,19.58,100/20 Mbps,FALSE
Fibre to the Node,Dodo & iPrimus,NSW,Urban,25.57,4.7,15.46,25/5 Mbps,FALSE
Fibre to the Premises,Superloop,NSW,Urban,268.35,23.61,3.18,250/25 Mbps,FALSE
Hybrid Fibre Coaxial,TPG,NSW,Urban,51.63,18.73,8.45,50/20 Mbps,FALSE
Fibre to the Premises,Leaptel,ACT,Urban,264.42,23.54,6.46,250/25 Mbps,FALSE
Fibre to the Premises,Other RSPs,WA,Urban,24.44,8.97,54.5,25/10 Mbps,FALSE
Fibre to the Node,Aussie Broadband,ACT,Urban,53.57,26.53,12.25,100/40 Mbps,TRUE
Fibre to the Premises,Superloop,ACT,Urban,172.35,20.91,6.47,250/25 Mbps,FALSE
Fibre to the Premises,TPG,NSW,Urban,267.58,21.77,3.71,250/25 Mbps,FALSE
Fibre to the Node,Launtel,TAS,Remote,32.97,6.18,24.84,100/40 Mbps,TRUE
Fibre to the Curb,TPG,NSW,Urban,104.97,18.8,5.14,100/20 Mbps,FALSE
Fibre to the Curb,Dodo & iPrimus,NSW,Urban,107.34,18.85,6.32,100/20 Mbps,FALSE
Fibre to the Premises,Optus,ACT,Urban,271.8,23.71,11.79,250/25 Mbps,FALSE
Fibre to the Premises,Aussie Broadband,NSW,Urban,106.49,37.87,2.11,100/40 Mbps,FALSE
Fibre to the Node,Other RSPs,QLD,Urban,31.91,11.27,19.57,100/20 Mbps,TRUE
Fibre to the Premises,Exetel,NSW,Urban,102.29,18.51,4.6,100/20 Mbps,FALSE
Hybrid Fibre Coaxial,Leaptel,NSW,Urban,53.17,18.74,8.25,50/20 Mbps,FALSE
Hybrid Fibre Coaxial,Dodo & iPrimus,NSW,Urban,53.38,18.69,8.96,50/20 Mbps,FALSE
Fibre to the Premises,Other RSPs,NSW,Urban,105.99,18.84,2.44,100/20 Mbps,FALSE
Fibre to the Premises,Aussie Broadband,NSW,Urban,107.17,37.88,2.84,100/40 Mbps,FALSE
Hybrid Fibre Coaxial,Exetel,NSW,Urban,540.3,46.4,10.01,500/50 Mbps,FALSE
Hybrid Fibre Coaxial,Superloop,NSW,Urban,107.24,36.15,8.97,100/40 Mbps,FALSE
Hybrid Fibre Coaxial,Vodafone,NSW,Urban,107.95,18.89,8.72,100/20 Mbps,FALSE
Fibre to the Node,iiNet,NSW,Urban,53.37,18.7,11.42,50/20 Mbps,FALSE
Fibre to the Premises,Other RSPs,VIC,Urban,99.08,37.58,29.56,100/40 Mbps,FALSE
Hybrid Fibre Coaxial,Vodafone,NSW,Urban,104.56,18.37,13.83,100/20 Mbps,FALSE
Hybrid Fibre Coaxial,Aussie Broadband,NSW,Urban,209.91,18.99,22.72,250/25 Mbps,FALSE
Fibre to the Premises,Leaptel,NSW,Urban,268.68,23.81,4.3,250/25 Mbps,FALSE
Hybrid Fibre Coaxial,Telstra,NSW,Urban,108.21,18.92,8.85,100/20 Mbps,FALSE
Fibre to the Premises,Other RSPs,WA,Urban,239.29,22.44,57.03,250/25 Mbps,FALSE
Fibre to the Premises,Leaptel,ACT,Urban,249.82,23.52,9.82,250/25 Mbps,FALSE
Fibre to the Node,Vodafone,NSW,Urban,72.33,18.4,9.14,100/20 Mbps,TRUE
Hybrid Fibre Coaxial,Dodo & iPrimus,NSW,Urban,26.31,9.4,8.52,25/10 Mbps,FALSE
Fibre to the Node,Aussie Broadband,NSW,Urban,53.69,18.91,8.41,50/20 Mbps,FALSE
Fibre to the Node,Leaptel,NSW,Urban,90.99,18.37,10.74,100/20 Mbps,FALSE
Fibre to the Node,Aussie Broadband,ACT,Urban,35.06,8.6,13.98,50/20 Mbps,TRUE
Fibre to the Node,Superloop,NSW,Urban,105.07,18.87,14.27,100/20 Mbps,FALSE
Hybrid Fibre Coaxial,Aussie Broadband,NSW,Urban,51.27,18.53,14.5,50/20 Mbps,FALSE
Fibre to the Curb,Other RSPs,NSW,Urban,107.29,18.92,5.89,100/20 Mbps,FALSE
Fibre to the Node,Dodo & iPrimus,NSW,Urban,102.99,37.93,11.31,100/40 Mbps,FALSE
Fibre to the Node,Dodo & iPrimus,NSW,Urban,57.48,16.6,12.22,100/20 Mbps,TRUE
Fibre to the Premises,Exetel,NSW,Urban,534.01,47.1,3.4,500/50 Mbps,FALSE
Fibre to the Premises,Dodo & iPrimus,NSW,Urban,99.33,17.08,3.73,100/20 Mbps,FALSE
Fibre to the Premises,Other RSPs,NSW,Urban,263.2,23.66,3.88,250/25 Mbps,FALSE
Fibre to the Curb,TPG,NSW,Urban,52.83,18.65,4.79,50/20 Mbps,FALSE
Fibre to the Premises,Exetel,NSW,Urban,52.66,18.66,7.92,50/20 Mbps,FALSE
Fibre to the Premises,Exetel,NSW,Urban,108.38,18.95,16.11,100/20 Mbps,FALSE
Fibre to the Premises,Aussie Broadband,NSW,Major Rural,268.35,23.68,10.82,250/25 Mbps,FALSE
Fibre to the Node,Aussie Broadband,NSW,Urban,52.85,18.82,10.21,50/20 Mbps,FALSE
Hybrid Fibre Coaxial,Vodafone,NSW,Urban,51.34,18.21,8.32,50/20 Mbps,FALSE
Fibre to the Node,Other RSPs,WA,Urban,52.61,18.82,60.88,50/20 Mbps,FALSE
Fibre to the Node,Superloop,NSW,Urban,54.33,18.97,22.64,50/20 Mbps,FALSE
Hybrid Fibre Coaxial,Telstra,NSW,Urban,107.07,18.98,9.82,100/20 Mbps,FALSE
Fibre to the Curb,Aussie Broadband,NSW,Urban,108.64,37.95,4.99,100/40 Mbps,FALSE
Hybrid Fibre Coaxial,TPG,NSW,Urban,267.5,22.54,8.28,250/25 Mbps,FALSE
Fibre to the Premises,Aussie Broadband,NSW,Urban,108.27,18.08,3.61,100/20 Mbps,FALSE
Hybrid Fibre Coaxial,Dodo & iPrimus,NSW,Urban,52.23,18.72,7.83,50/20 Mbps,FALSE
Fibre to the Node,Vodafone,NSW,Urban,95.35,18.62,8.19,100/20 Mbps,FALSE
Fibre to the Premises,Exetel,NSW,Urban,271.64,23.67,5.3,250/25 Mbps,FALSE
Hybrid Fibre Coaxial,Other RSPs,NSW,Urban,21.15,8.56,10.51,25/10 Mbps,FALSE
Fibre to the Premises,Aussie Broadband,NSW,Urban,108.28,37.84,1.54,100/40 Mbps,FALSE
Hybrid Fibre Coaxial,Other RSPs,QLD,Urban,49.88,16.88,26.57,50/20 Mbps,FALSE
Fibre to the Node,Launtel,ACT,Urban,101.98,18.17,24.06,100/20 Mbps,FALSE
Fibre to the Node,Exetel,NSW,Urban,54.2,18.86,9.08,50/20 Mbps,FALSE
Fibre to the Node,Dodo & iPrimus,NSW,Urban,97.3,4.66,16.47,100/20 Mbps,FALSE
Fibre to the Premises,Other RSPs,NT + SA,Urban,51.93,18.85,24.27,50/20 Mbps,FALSE
Hybrid Fibre Coaxial,Leaptel,NSW,Urban,105.71,18.91,9.39,100/20 Mbps,FALSE
Fibre to the Node,Other RSPs,ACT,Urban,54.15,18.95,13.48,50/20 Mbps,FALSE
Fibre to the Premises,Leaptel,NSW,Urban,106.54,18.96,1.96,100/20 Mbps,FALSE
Fibre to the Node,Superloop,NSW,Urban,26.73,9.41,10.81,25/10 Mbps,FALSE
Fibre to the Premises,Dodo & iPrimus,NSW,Urban,106.42,18.78,2.54,100/20 Mbps,FALSE
Hybrid Fibre Coaxial,Aussie Broadband,NSW,Urban,102.1,37.15,7.89,100/40 Mbps,FALSE
Fibre to the Node,iiNet,NSW,Urban,21.36,4.62,7.56,25/5 Mbps,FALSE
Fibre to the Premises,Exetel,NSW,Major Rural,53.03,18.72,19.63,50/20 Mbps,FALSE
Hybrid Fibre Coaxial,TPG,NSW,Urban,267.18,23.53,8.07,250/25 Mbps,FALSE
Fibre to the Premises,Other RSPs,NSW,Urban,247.36,23.64,3.5,250/25 Mbps,FALSE
Fibre to the Curb,TPG,NSW,Urban,53.22,18.75,4.94,50/20 Mbps,FALSE
Fibre to the Node,Vodafone,NSW,Urban,24.86,4.26,12.27,25/5 Mbps,FALSE
Fibre to the Premises,Launtel,NSW,Urban,104.02,18.95,4,100/20 Mbps,FALSE
Fibre to the Premises,Exetel,NSW,Major Rural,107.03,18.81,6.19,100/20 Mbps,FALSE
Fibre to the Node,Aussie Broadband,NSW,Urban,108.03,18.93,11.17,100/20 Mbps,FALSE
Fibre to the Premises,Other RSPs,VIC,Urban,51.55,18.84,15.56,50/20 Mbps,FALSE
Fibre to the Premises,Other RSPs,QLD,Urban,48.48,18.47,22.8,50/20 Mbps,FALSE
Fibre to the Node,Vodafone,NSW,Urban,88.9,18.41,10.41,100/20 Mbps,FALSE
Hybrid Fibre Coaxial,TPG,NSW,Urban,106.84,18.72,11.69,100/20 Mbps,FALSE
Fibre to the Node,TPG,NSW,Urban,52.96,18.83,10.22,50/20 Mbps,FALSE
Hybrid Fibre Coaxial,Vodafone,NSW,Urban,53.32,18.76,7.69,50/20 Mbps,FALSE
Fibre to the Node,TPG,WA,Urban,45.18,8.78,16.21,50/20 Mbps,FALSE
Fibre to the Premises,Vodafone,NSW,Urban,53.19,18.79,3.68,50/20 Mbps,FALSE
Fibre to the Node,Aussie Broadband,ACT,Urban,91.79,18.96,14.59,100/20 Mbps,FALSE
Fibre to the Premises,Other RSPs,NSW,Urban,245.63,23.81,4.31,250/25 Mbps,FALSE
Fibre to the Premises,TPG,NSW,Urban,105.53,18.75,3.56,100/20 Mbps,FALSE
Fibre to the Premises,Telstra,NSW,Urban,107.07,17.88,2.9,100/20 Mbps,FALSE
Fibre to the Node,Aussie Broadband,NSW,Urban,94.94,35.57,8.7,100/40 Mbps,FALSE
Fibre to the Node,TPG,NSW,Urban,106.27,18.79,11.66,100/20 Mbps,FALSE
Fibre to the Node,Leaptel,ACT,Urban,52.92,18.82,13.95,50/20 Mbps,FALSE
Fibre to the Node,Other RSPs,NSW,Urban,27.87,13.38,23.06,50/20 Mbps,TRUE
Fibre to the Premises,Exetel,NSW,Urban,108,18.77,6.96,100/20 Mbps,FALSE
Fibre to the Node,Other RSPs,QLD,Major Rural,43.95,18.59,26.26,50/20 Mbps,FALSE
Fibre to the Node,TPG,NSW,Major Rural,26.18,4.3,22.91,25/5 Mbps,FALSE
Hybrid Fibre Coaxial,Superloop,NSW,Urban,271.94,23.68,7.84,250/25 Mbps,FALSE
Fibre to the Node,Other RSPs,NSW,Minor Rural,23.44,6.27,20.72,25/10 Mbps,FALSE
Fibre to the Premises,Other RSPs,TAS,Minor Rural,24.81,9.37,26.27,25/10 Mbps,FALSE
Fibre to the Premises,TPG,VIC,Urban,107.49,18.83,7.68,100/20 Mbps,FALSE
Fibre to the Premises,Aussie Broadband,ACT,Urban,104.57,18.24,6.47,100/20 Mbps,FALSE
Hybrid Fibre Coaxial,Superloop,NSW,Urban,108.67,18.97,7.9,100/20 Mbps,FALSE
Fibre to the Premises,Other RSPs,NSW,Urban,45.02,18.61,5.61,50/20 Mbps,FALSE
Fibre to the Premises,Other RSPs,NSW,Urban,50.98,18.22,15.45,50/20 Mbps,FALSE
Hybrid Fibre Coaxial,Superloop,NSW,Urban,95.52,33.84,9.23,100/40 Mbps,FALSE
Fibre to the Premises,TPG,NSW,Urban,107.67,18.85,3.7,100/20 Mbps,FALSE
Hybrid Fibre Coaxial,Superloop,NSW,Urban,270.4,23.62,8.19,250/25 Mbps,FALSE
Fibre to the Node,Exetel,NSW,Urban,50.23,18.84,10.34,50/20 Mbps,FALSE
Fibre to the Node,Dodo & iPrimus,ACT,Urban,53.68,18.87,11.97,50/20 Mbps,FALSE
Fibre to the Node,iiNet,NSW,Urban,53.47,18.56,15.48,50/20 Mbps,FALSE
Fibre to the Premises,Launtel,NSW,Urban,104.92,18.29,1.99,100/20 Mbps,FALSE
Fibre to the Node,Exetel,NSW,Urban,96.92,18.96,8.51,100/20 Mbps,FALSE
Hybrid Fibre Coaxial,Superloop,NSW,Urban,107.69,37.76,8.13,100/40 Mbps,FALSE
Fibre to the Premises,Dodo & iPrimus,NSW,Urban,106.27,18.82,8.71,100/20 Mbps,FALSE
Hybrid Fibre Coaxial,Aussie Broadband,NSW,Urban,101.95,37.21,9.75,100/40 Mbps,FALSE
Hybrid Fibre Coaxial,Exetel,VIC,Urban,53.51,18.75,8.14,50/20 Mbps,FALSE
Hybrid Fibre Coaxial,Superloop,VIC,Urban,106.2,37.9,8.96,100/40 Mbps,FALSE
Fibre to the Premises,Launtel,TAS,Urban,407.59,45.77,14.62,400/50 Mbps,FALSE
Hybrid Fibre Coaxial,Telstra,VIC,Urban,107.87,18.78,8.4,100/20 Mbps,FALSE
Hybrid Fibre Coaxial,Telstra,VIC,Urban,25.75,4.63,12.11,25/5 Mbps,FALSE
Fibre to the Premises,Optus,NT + SA,Urban,27.21,9.48,13.62,25/10 Mbps,FALSE
Fibre to the Node,Optus,NT + SA,Urban,71.75,18.93,18.87,100/20 Mbps,FALSE
Fibre to the Premises,TPG,VIC,Urban,53.3,18.47,3.3,50/20 Mbps,FALSE
Fibre to the Premises,Launtel,TAS,Urban,100.18,17.65,15.25,100/20 Mbps,FALSE
Fibre to the Premises,iiNet,VIC,Urban,52.87,18.31,2.7,50/20 Mbps,FALSE
Fibre to the Node,Superloop,NT + SA,Urban,64.96,18.8,33.53,100/20 Mbps,TRUE
Fibre to the Premises,Telstra,TAS,Urban,108.81,19.01,12.7,100/20 Mbps,FALSE
Fibre to the Premises,Aussie Broadband,TAS,Urban,53.04,18.95,15.15,50/20 Mbps,FALSE
Hybrid Fibre Coaxial,Optus,VIC,Urban,53.57,18.77,10.67,50/20 Mbps,FALSE
Hybrid Fibre Coaxial,Optus,NSW,Urban,51.14,18.47,9.05,50/20 Mbps,FALSE
Fibre to the Curb,Vodafone,NSW,Urban,79.5,17.1,6.98,100/20 Mbps,FALSE
Fibre to the Premises,iiNet,NSW,Urban,35.57,18.79,2.54,100/20 Mbps,TRUE
Fibre to the Node,Vodafone,NSW,Urban,35.44,7.33,13.56,50/20 Mbps,TRUE
Fibre to the Node,Exetel,NSW,Urban,53.83,18.77,12.39,50/20 Mbps,FALSE
Fibre to the Premises,Telstra,NSW,Urban,108.74,18.96,9.78,100/20 Mbps,FALSE
Hybrid Fibre Coaxial,Leaptel,NSW,Urban,265,23.78,8.54,250/25 Mbps,FALSE
Fibre to the Node,Telstra,NSW,Urban,90.79,19.05,12.3,100/20 Mbps,FALSE
Fibre to the Premises,Telstra,NSW,Urban,107.55,18.86,4.72,100/20 Mbps,FALSE
Fibre to the Node,Optus,NSW,Urban,41.05,8.89,11.82,50/20 Mbps,FALSE
Hybrid Fibre Coaxial,Optus,NSW,Urban,108.98,37.49,9.78,100/40 Mbps,FALSE
Fibre to the Curb,Optus,NSW,Urban,54.19,18.59,6.57,50/20 Mbps,FALSE
Fibre to the Curb,Telstra,NSW,Urban,96.12,18.77,5.23,100/20 Mbps,FALSE
Fibre to the Premises,Exetel,NSW,Urban,270.49,23.61,2.28,250/25 Mbps,FALSE
Fibre to the Curb,Telstra,NSW,Major Rural,108.5,18.98,7.96,100/20 Mbps,FALSE
Fibre to the Premises,Exetel,ACT,Urban,270,23.59,7.35,250/25 Mbps,FALSE
Fibre to the Node,Optus,ACT,Urban,54.41,18.98,21.27,50/20 Mbps,FALSE
Fibre to the Node,Exetel,NSW,Urban,53.94,18.85,10.03,50/20 Mbps,FALSE
Hybrid Fibre Coaxial,Superloop,NSW,Urban,235.28,18.91,8.86,250/25 Mbps,FALSE
Fibre to the Premises,Optus,NSW,Urban,108.85,37.5,5.18,100/40 Mbps,FALSE
Fibre to the Premises,iiNet,ACT,Urban,52.63,18.89,6.58,50/20 Mbps,FALSE
Fibre to the Node,Aussie Broadband,ACT,Urban,53.73,18.96,12.13,50/20 Mbps,FALSE
Fibre to the Premises,Dodo & iPrimus,NSW,Urban,105.03,18.79,12.16,100/20 Mbps,FALSE
Hybrid Fibre Coaxial,TPG,NSW,Urban,269.04,23.67,7.7,250/25 Mbps,FALSE
Fibre to the Node,Telstra,NSW,Major Rural,31.73,7.72,14.46,50/20 Mbps,TRUE
Fibre to the Premises,Exetel,NSW,Urban,107.17,18.75,2.37,100/20 Mbps,FALSE
Fibre to the Premises,Telstra,NSW,Urban,27.24,4.78,4.45,25/5 Mbps,FALSE
Fibre to the Curb,Aussie Broadband,NSW,Urban,108.64,37.97,4.13,100/40 Mbps,FALSE
Hybrid Fibre Coaxial,Telstra,NSW,Urban,109.04,18.94,8.16,100/20 Mbps,FALSE
Hybrid Fibre Coaxial,Vodafone,NSW,Urban,93.13,18.85,8.49,100/20 Mbps,FALSE
Fibre to the Node,Optus,NSW,Urban,37.89,35.82,11.48,100/40 Mbps,FALSE
Fibre to the Premises,Exetel,NSW,Urban,26.81,9.34,2.87,25/10 Mbps,FALSE
Fibre to the Premises,Leaptel,NSW,Major Rural,105.61,18.91,7.45,100/20 Mbps,FALSE
Fibre to the Premises,Telstra,ACT,Urban,107.83,19.03,7.17,100/20 Mbps,FALSE
Hybrid Fibre Coaxial,Optus,NSW,Urban,54.52,18.62,8.28,50/20 Mbps,FALSE
Fibre to the Premises,iiNet,NSW,Urban,270.62,23.78,1.72,250/25 Mbps,FALSE
Fibre to the Premises,Exetel,NSW,Urban,267.7,23.56,5.94,250/25 Mbps,FALSE
Hybrid Fibre Coaxial,Dodo & iPrimus,NSW,Urban,106.69,18.83,8.72,100/20 Mbps,FALSE
Fibre to the Node,Exetel,NSW,Major Rural,52.93,18.7,18.92,50/20 Mbps,FALSE
Fibre to the Premises,Other RSPs,NSW,Urban,98.89,18.34,3.12,100/20 Mbps,FALSE
Fibre to the Premises,TPG,NSW,Urban,264.99,22.04,2.9,250/25 Mbps,FALSE
Fibre to the Premises,Exetel,NSW,Urban,54.31,18.85,16.74,50/20 Mbps,FALSE
Fibre to the Node,Leaptel,ACT,Urban,40.87,7.94,19.42,50/20 Mbps,FALSE
Fibre to the Premises,Exetel,NSW,Urban,540.24,46.94,1.87,500/50 Mbps,FALSE
Fibre to the Premises,Exetel,NSW,Urban,106.32,18.84,8.32,100/20 Mbps,FALSE
Hybrid Fibre Coaxial,Telstra,NSW,Urban,92.78,18.92,17.08,100/20 Mbps,FALSE
Hybrid Fibre Coaxial,Telstra,NSW,Urban,107.8,18.8,8.43,100/20 Mbps,FALSE
Fibre to the Node,Vodafone,NSW,Major Rural,22.09,0.62,13.94,25/5 Mbps,FALSE
Fibre to the Curb,TPG,NSW,Urban,107.1,18.77,5.19,100/20 Mbps,FALSE
Hybrid Fibre Coaxial,Dodo & iPrimus,NSW,Urban,88.11,18.08,8.98,100/20 Mbps,FALSE
Fibre to the Premises,Exetel,NSW,Major Rural,267.98,23.65,8.2,250/25 Mbps,FALSE
Fibre to the Premises,iiNet,NSW,Urban,87.57,16.13,3.26,100/20 Mbps,FALSE
Fibre to the Node,Telstra,NSW,Major Rural,108.99,19.09,14.68,100/20 Mbps,FALSE
Fibre to the Curb,Optus,NSW,Urban,108.22,18.66,6.46,100/20 Mbps,FALSE
Fibre to the Premises,Exetel,NSW,Urban,107.34,18.83,3.72,100/20 Mbps,FALSE
Fibre to the Node,iiNet,ACT,Urban,52.58,18.5,,50/20 Mbps,FALSE
Fibre to the Premises,Exetel,ACT,Urban,53.52,18.76,6.81,50/20 Mbps,FALSE
Fibre to the Node,Aussie Broadband,ACT,Urban,26.4,9.45,15.17,25/10 Mbps,FALSE
Hybrid Fibre Coaxial,Exetel,NSW,Urban,105.66,18.81,7.69,100/20 Mbps,FALSE
Fibre to the Node,Exetel,NSW,Urban,27.12,9.42,9.71,25/10 Mbps,FALSE
Fibre to the Premises,Aussie Broadband,VIC,Minor Rural,53.25,19.02,14.58,50/20 Mbps,FALSE
Fibre to the Premises,Telstra,NSW,Urban,108.23,19,10.37,100/20 Mbps,FALSE
Fibre to the Node,Dodo & iPrimus,NSW,Urban,26.08,4.71,15.96,25/5 Mbps,FALSE
Fibre to the Node,Telstra,NSW,Urban,39.68,11.61,12.67,50/20 Mbps,FALSE
Fibre to the Premises,Other RSPs,NSW,Urban,206.91,18.56,17.43,250/25 Mbps,FALSE
Fibre to the Premises,Exetel,NSW,Urban,103.77,18.63,4.32,100/20 Mbps,FALSE
Hybrid Fibre Coaxial,TPG,NSW,Urban,107.71,18.72,8.09,100/20 Mbps,FALSE
Hybrid Fibre Coaxial,Optus,NSW,Urban,54.19,18.68,9.1,50/20 Mbps,FALSE
Fibre to the Node,Telstra,NSW,Urban,50.88,17.34,11.05,50/20 Mbps,FALSE
Fibre to the Node,iiNet,ACT,Urban,39.13,8.84,13.11,50/20 Mbps,FALSE
Hybrid Fibre Coaxial,TPG,NSW,Urban,26.25,0.98,8.31,25/5 Mbps,FALSE
Hybrid Fibre Coaxial,Vodafone,NSW,Urban,52.44,18.63,7.99,50/20 Mbps,FALSE
Fibre to the Premises,iiNet,ACT,Urban,261.74,23.41,5.79,250/25 Mbps,FALSE
Fibre to the Premises,Dodo & iPrimus,NSW,Urban,106.76,18.83,2.98,100/20 Mbps,FALSE
Fibre to the Node,Telstra,NSW,Urban,27.02,4.8,7.37,25/5 Mbps,FALSE
Fibre to the Premises,Exetel,NSW,Urban,53.31,18.78,3.37,50/20 Mbps,FALSE
Fibre to the Premises,iiNet,ACT,Urban,107.42,37.93,5.58,100/40 Mbps,FALSE
Fibre to the Premises,Exetel,NSW,Urban,102.85,36.35,3.49,100/40 Mbps,FALSE
Fibre to the Premises,Exetel,NSW,Urban,105.57,37.54,2.49,100/40 Mbps,FALSE
Fibre to the Premises,Optus,NSW,Major Rural,109.27,18.59,15.92,100/20 Mbps,FALSE
Fibre to the Premises,Exetel,NSW,Urban,27.12,9.4,3.06,25/10 Mbps,FALSE
Fibre to the Premises,Aussie Broadband,NSW,Urban,103.99,19.05,3.42,100/20 Mbps,FALSE
Hybrid Fibre Coaxial,Telstra,NSW,Urban,107.33,18.68,10.59,100/20 Mbps,FALSE
Fibre to the Premises,Telstra,NSW,Urban,272.1,23.73,5.17,250/25 Mbps,FALSE
Fibre to the Premises,Dodo & iPrimus,ACT,Urban,53.1,18.79,6.39,50/20 Mbps,FALSE
Fibre to the Premises,Dodo & iPrimus,NSW,Major Rural,266.2,23.39,11.44,250/25 Mbps,FALSE
Fibre to the Node,iiNet,VIC,Urban,23.86,4.65,22.68,25/5 Mbps,FALSE
Fibre to the Node,TPG,NSW,Urban,51.22,18.77,20.76,50/20 Mbps,FALSE
Fibre to the Premises,Telstra,NSW,Urban,107.98,17.85,4.29,100/20 Mbps,FALSE
Fibre to the Premises,Aussie Broadband,NSW,Urban,97.49,37.78,2.91,100/40 Mbps,FALSE
Fibre to the Node,Aussie Broadband,NSW,Urban,93.77,36.03,11.42,100/40 Mbps,FALSE
Fibre to the Curb,Exetel,NSW,Urban,54.04,18.41,6.31,50/20 Mbps,FALSE
Fibre to the Premises,Exetel,NSW,Urban,26.37,9.42,3.33,25/10 Mbps,FALSE
Fibre to the Node,Exetel,NSW,Urban,53.72,18.8,7.55,50/20 Mbps,FALSE
Fibre to the Premises,Telstra,NSW,Urban,108.88,18.86,2.8,100/20 Mbps,FALSE
Fibre to the Premises,Other RSPs,VIC,Urban,250.65,23.63,15.69,250/25 Mbps,FALSE
Fibre to the Premises,Telstra,NSW,Urban,265.33,23.57,5.12,250/25 Mbps,FALSE
Fibre to the Node,Telstra,NSW,Urban,27,4.88,14.06,25/5 Mbps,FALSE
Hybrid Fibre Coaxial,Superloop,NSW,Urban,106.81,36.42,7.91,100/40 Mbps,FALSE
Hybrid Fibre Coaxial,Other RSPs,NSW,Urban,45.95,18.71,8.82,50/20 Mbps,FALSE
Hybrid Fibre Coaxial,Optus,NSW,Urban,271.81,23.3,10.35,250/25 Mbps,FALSE
Fibre to the Curb,Optus,NSW,Urban,53.78,18.6,5.6,50/20 Mbps,FALSE
Fibre to the Node,Telstra,QLD,Urban,22.95,18.97,30.48,50/20 Mbps,TRUE
Hybrid Fibre Coaxial,Aussie Broadband,NSW,Urban,75.2,18.9,8.77,75/20 Mbps,FALSE
Fibre to the Premises,Exetel,NSW,Urban,52.48,18.8,9,50/20 Mbps,FALSE
Fibre to the Premises,Superloop,NSW,Urban,269.89,23.66,3.51,250/25 Mbps,FALSE
Hybrid Fibre Coaxial,Telstra,NSW,Urban,100.05,18.5,8.63,100/20 Mbps,FALSE
Fibre to the Curb,Optus,NSW,Urban,53.45,19.08,6.6,50/20 Mbps,FALSE
Fibre to the Premises,Exetel,NSW,Urban,108.64,18.86,2.47,100/20 Mbps,FALSE
Fibre to the Premises,Optus,NSW,Urban,53.08,18.62,3.34,50/20 Mbps,FALSE
Fibre to the Premises,Telstra,NSW,Urban,93.13,18.93,2.47,100/20 Mbps,FALSE
Fibre to the Node,Optus,NSW,Urban,86.54,30.19,13.37,100/40 Mbps,FALSE
Fibre to the Premises,Optus,NSW,Urban,248.18,23.35,8.31,250/25 Mbps,FALSE
Fibre to the Node,Exetel,ACT,Urban,51.62,10.53,13.86,50/20 Mbps,FALSE
Fibre to the Premises,Other RSPs,WA,Urban,244.07,23.79,54.04,250/25 Mbps,FALSE
Fibre to the Node,iiNet,ACT,Urban,52.9,18.84,11.9,50/20 Mbps,FALSE
Fibre to the Node,Dodo & iPrimus,NSW,Urban,53.37,18.85,8.34,50/20 Mbps,FALSE
Fibre to the Premises,Dodo & iPrimus,NSW,Urban,94.5,18.52,2.83,100/20 Mbps,FALSE
Fibre to the Node,Telstra,NSW,Major Rural,54.17,19,19.44,50/20 Mbps,FALSE
Hybrid Fibre Coaxial,Exetel,NSW,Urban,107.94,37.72,8.41,100/40 Mbps,FALSE
Fibre to the Node,Exetel,NSW,Urban,26.76,8.03,10.32,25/10 Mbps,FALSE
Fibre to the Curb,Dodo & iPrimus,NSW,Urban,106.09,37.67,5.02,100/40 Mbps,FALSE
Hybrid Fibre Coaxial,Telstra,NSW,Urban,271.84,23.4,8.45,250/25 Mbps,FALSE
Fibre to the Node,TPG,NSW,Urban,51.66,12.93,22.89,50/20 Mbps,FALSE
Fibre to the Node,Telstra,ACT,Urban,104.92,38.19,13.59,100/40 Mbps,FALSE
Fibre to the Node,iiNet,NSW,Urban,86.4,36.36,5.02,100/40 Mbps,FALSE
Fibre to the Premises,iiNet,ACT,Urban,99.56,37.85,7.63,100/40 Mbps,FALSE
Fibre to the Premises,Superloop,NSW,Urban,269.35,23.24,11.3,250/25 Mbps,FALSE
Fibre to the Premises,Telstra,NSW,Urban,109.17,19.03,4.74,100/20 Mbps,FALSE
Fibre to the Curb,Superloop,VIC,Major Rural,53.85,18.94,14.83,50/20 Mbps,FALSE
Fibre to the Premises,Exetel,NSW,Major Rural,271.97,23.69,16.92,250/25 Mbps,FALSE
Hybrid Fibre Coaxial,Telstra,NSW,Urban,108.54,18.93,8.08,100/20 Mbps,FALSE
Hybrid Fibre Coaxial,Optus,NSW,Urban,106.44,18.92,10.86,100/20 Mbps,FALSE
Fibre to the Premises,Exetel,NSW,Urban,107.44,37.88,5.75,100/40 Mbps,FALSE
Fibre to the Premises,Exetel,NSW,Urban,106.09,37.7,3.38,100/40 Mbps,FALSE
Fibre to the Premises,Leaptel,NSW,Urban,106.42,18.93,5.41,100/20 Mbps,FALSE
Fibre to the Node,Exetel,NSW,Urban,27.19,9.43,7.89,25/10 Mbps,FALSE
Hybrid Fibre Coaxial,Optus,NSW,Urban,54.14,18.72,12.75,50/20 Mbps,FALSE
Fibre to the Premises,Exetel,NSW,Urban,108.54,18.85,,100/20 Mbps,FALSE
Fibre to the Premises,Exetel,NSW,Urban,106.11,36.11,5.1,100/40 Mbps,FALSE
Fibre to the Premises,Exetel,NSW,Urban,251.23,23.36,7.09,250/25 Mbps,FALSE
Fibre to the Premises,Optus,NSW,Urban,54.18,18.61,16.26,50/20 Mbps,FALSE
Hybrid Fibre Coaxial,Optus,NSW,Urban,54.2,18.47,8.9,50/20 Mbps,FALSE
Fibre to the Node,Telstra,VIC,Urban,27.29,4.76,17.07,25/5 Mbps,FALSE
Fibre to the Premises,Dodo & iPrimus,NSW,Urban,53.28,18.86,8.34,50/20 Mbps,FALSE
Fibre to the Curb,Telstra,NSW,Urban,27.12,4.8,5.19,25/5 Mbps,FALSE
Fibre to the Curb,TPG,NSW,Urban,107.07,18.75,5.11,100/20 Mbps,FALSE
Hybrid Fibre Coaxial,Telstra,NSW,Urban,272.02,23.49,8.15,250/25 Mbps,FALSE
Fibre to the Premises,Exetel,NSW,Urban,270.54,23.66,4.61,250/25 Mbps,FALSE
Hybrid Fibre Coaxial,Superloop,NT + SA,Urban,53.29,18.22,17.48,50/20 Mbps,FALSE
Fibre to the Node,TPG,VIC,Major Rural,41.97,8.42,17.23,50/20 Mbps,FALSE
Hybrid Fibre Coaxial,Leaptel,VIC,Urban,246.73,23.44,13.83,250/25 Mbps,FALSE
Fibre to the Premises,TPG,TAS,Minor Rural,88.97,18.46,19.4,100/20 Mbps,FALSE
Fibre to the Premises,Other RSPs,VIC,Urban,106.61,18.8,3.89,100/20 Mbps,FALSE
Hybrid Fibre Coaxial,Vodafone,NSW,Urban,107.55,18.74,8.49,100/20 Mbps,FALSE
Fibre to the Node,Dodo & iPrimus,TAS,Urban,68.25,16.66,18.54,100/20 Mbps,TRUE
Hybrid Fibre Coaxial,TPG,VIC,Urban,107.03,18.73,8.12,100/20 Mbps,FALSE
Fibre to the Premises,Telstra,TAS,Urban,105.16,18.99,14.65,100/20 Mbps,FALSE
Fibre to the Curb,TPG,NT + SA,Urban,23.21,4.59,19.91,25/5 Mbps,FALSE
Fibre to the Premises,Superloop,VIC,Urban,52.26,18.48,2.59,50/20 Mbps,FALSE
Hybrid Fibre Coaxial,iiNet,VIC,Urban,105.67,18.87,8.59,100/20 Mbps,FALSE
Fibre to the Node,Dodo & iPrimus,NT + SA,Urban,26.31,9.42,19.6,25/10 Mbps,FALSE
Hybrid Fibre Coaxial,Optus,VIC,Urban,53.57,18.63,8.87,50/20 Mbps,FALSE
Hybrid Fibre Coaxial,Vodafone,VIC,Urban,53.1,18.69,8.63,50/20 Mbps,FALSE
Fibre to the Node,iiNet,NT + SA,Urban,26.24,4.72,21.02,25/5 Mbps,FALSE
Fibre to the Node,Telstra,VIC,Urban,52.76,18.97,10.37,50/20 Mbps,FALSE
Fibre to the Node,Dodo & iPrimus,QLD,Urban,53.24,18.83,9.78,50/20 Mbps,FALSE
Fibre to the Premises,Aussie Broadband,QLD,Minor Rural,266.11,23.68,3.74,250/25 Mbps,FALSE
Fibre to the Node,Optus,QLD,Urban,39.41,8.88,10.36,50/20 Mbps,FALSE
Fibre to the Premises,Dodo & iPrimus,QLD,Major Rural,265.54,23.6,18.55,250/25 Mbps,FALSE
Fibre to the Curb,Dodo & iPrimus,QLD,Urban,53.33,18.81,6.12,50/20 Mbps,FALSE
Fibre to the Premises,Optus,QLD,Urban,190.81,22.88,3.36,250/25 Mbps,FALSE
Hybrid Fibre Coaxial,Optus,QLD,Urban,50.93,18.56,8.12,50/20 Mbps,FALSE
Fibre to the Premises,iiNet,QLD,Urban,254.94,19.62,25.76,250/25 Mbps,FALSE
Fibre to the Premises,TPG,QLD,Urban,52.63,18.74,2.43,50/20 Mbps,FALSE
Fibre to the Premises,TPG,QLD,Urban,26.35,4.71,3.18,25/5 Mbps,FALSE
Fibre to the Premises,Optus,QLD,Urban,108.19,18.94,2.53,100/20 Mbps,FALSE
Hybrid Fibre Coaxial,Exetel,QLD,Urban,54.25,18.85,8.87,50/20 Mbps,FALSE
Fibre to the Premises,Exetel,QLD,Urban,107.68,18.8,4.29,100/20 Mbps,FALSE
Hybrid Fibre Coaxial,Exetel,QLD,Urban,103.78,37.6,7.85,100/40 Mbps,FALSE
Fibre to the Premises,Exetel,QLD,Urban,268.61,23.3,1.69,250/25 Mbps,FALSE
Fibre to the Node,TPG,NSW,Urban,25.16,2.84,31.58,50/20 Mbps,TRUE
Fibre to the Premises,Aussie Broadband,QLD,Urban,105.7,18.94,5.7,100/20 Mbps,FALSE
Fibre to the Premises,TPG,QLD,Urban,12.39,0.59,3,12/1 Mbps,FALSE
Hybrid Fibre Coaxial,Dodo & iPrimus,QLD,Urban,105.95,18.74,9.35,100/20 Mbps,FALSE
Fibre to the Premises,Exetel,QLD,Urban,104.78,18.88,16.45,100/20 Mbps,FALSE
Fibre to the Premises,Dodo & iPrimus,QLD,Urban,269.41,23.6,22.91,250/25 Mbps,FALSE
Fibre to the Node,Telstra,QLD,Urban,53.28,18.98,5.61,50/20 Mbps,FALSE
Hybrid Fibre Coaxial,Telstra,QLD,Urban,27.2,4.69,8.96,25/5 Mbps,FALSE
Fibre to the Node,Optus,QLD,Major Rural,37.98,8.06,25.98,50/20 Mbps,FALSE
Hybrid Fibre Coaxial,Superloop,QLD,Urban,108.34,37.08,7.89,100/40 Mbps,FALSE
Fibre to the Node,iiNet,QLD,Urban,52.57,8.8,8.32,50/20 Mbps,FALSE
Hybrid Fibre Coaxial,Vodafone,QLD,Urban,92.99,18.71,9.74,100/20 Mbps,FALSE
Hybrid Fibre Coaxial,Telstra,QLD,Urban,103.78,18.11,10.41,100/20 Mbps,FALSE
Fibre to the Premises,Dodo & iPrimus,QLD,Urban,104.45,18.79,4.18,100/20 Mbps,FALSE
Fibre to the Node,Aussie Broadband,QLD,Urban,96.56,37.65,9.01,100/40 Mbps,FALSE
Fibre to the Node,iiNet,QLD,Urban,25.84,4.67,10.71,25/5 Mbps,FALSE
Hybrid Fibre Coaxial,TPG,QLD,Urban,199.13,23.22,8.93,250/25 Mbps,FALSE
Fibre to the Premises,Dodo & iPrimus,QLD,Urban,106.23,18.84,3.36,100/20 Mbps,FALSE
Fibre to the Node,Telstra,QLD,Urban,44.51,8.82,22.51,50/20 Mbps,FALSE
Fibre to the Node,Telstra,QLD,Major Rural,55.22,17.85,26.86,100/20 Mbps,FALSE
Hybrid Fibre Coaxial,iiNet,QLD,Urban,96.49,37.71,8.65,100/40 Mbps,FALSE
Fibre to the Node,Leaptel,QLD,Major Rural,22.98,9.33,27.54,25/10 Mbps,FALSE
Fibre to the Premises,Optus,QLD,Urban,107.42,37.55,3.95,100/40 Mbps,FALSE
Fibre to the Premises,TPG,QLD,Urban,105.71,18.8,22.65,100/20 Mbps,FALSE
Fibre to the Premises,Leaptel,QLD,Urban,104.2,18.8,22.24,100/20 Mbps,FALSE
Hybrid Fibre Coaxial,Exetel,QLD,Urban,52.83,18.78,8.12,50/20 Mbps,FALSE
Hybrid Fibre Coaxial,Aussie Broadband,QLD,Urban,103.25,37.37,8.1,100/40 Mbps,FALSE
Fibre to the Premises,Telstra,QLD,Urban,108.17,18.92,3.82,100/20 Mbps,FALSE
Fibre to the Premises,Leaptel,QLD,Urban,270.04,20.11,1.42,250/25 Mbps,FALSE
Fibre to the Node,Superloop,QLD,Major Rural,55.19,18.78,17.36,100/20 Mbps,TRUE
Hybrid Fibre Coaxial,Aussie Broadband,QLD,Urban,107.02,37.78,2.87,100/40 Mbps,FALSE
Fibre to the Node,iiNet,QLD,Urban,47.21,9.83,11.74,50/20 Mbps,FALSE
Hybrid Fibre Coaxial,TPG,QLD,Urban,107.62,18.28,8.92,100/20 Mbps,FALSE
Hybrid Fibre Coaxial,TPG,QLD,Urban,93.86,18.91,11.2,100/20 Mbps,FALSE
Hybrid Fibre Coaxial,Launtel,QLD,Urban,103.27,18.46,8.53,100/20 Mbps,FALSE
Fibre to the Node,iiNet,QLD,Urban,41.78,11.22,18.39,50/20 Mbps,FALSE
Fibre to the Node,Telstra,QLD,Urban,42.58,9.84,9.72,50/20 Mbps,FALSE
Fibre to the Premises,Dodo & iPrimus,QLD,Urban,103.28,18.14,25.56,100/20 Mbps,FALSE
Hybrid Fibre Coaxial,TPG,QLD,Urban,51.42,18.76,9.74,50/20 Mbps,FALSE
Fibre to the Premises,Other RSPs,QLD,Urban,94.68,18.7,3.74,100/20 Mbps,FALSE
Fibre to the Premises,Aussie Broadband,QLD,Urban,107.93,18.95,4.74,100/20 Mbps,FALSE
Hybrid Fibre Coaxial,Optus,QLD,Urban,52.87,18.5,8.19,50/20 Mbps,FALSE
Fibre to the Premises,Launtel,QLD,Urban,104,18.17,2.18,100/20 Mbps,FALSE
Fibre to the Curb,Launtel,QLD,Urban,52.19,18.2,5.4,50/20 Mbps,FALSE
Fibre to the Premises,Other RSPs,QLD,Urban,96.19,37.69,2.56,100/40 Mbps,FALSE
Fibre to the Node,Aussie Broadband,QLD,Urban,108.53,18.89,22.81,100/20 Mbps,FALSE
Fibre to the Premises,Aussie Broadband,QLD,Urban,107.7,18.91,1.98,100/20 Mbps,FALSE
Hybrid Fibre Coaxial,Superloop,QLD,Urban,268.9,23.64,8.07,250/25 Mbps,FALSE
Fibre to the Curb,Telstra,QLD,Major Rural,107.74,19,7.3,100/20 Mbps,FALSE
Fibre to the Node,Dodo & iPrimus,QLD,Urban,53.28,18.82,8.72,50/20 Mbps,FALSE
Hybrid Fibre Coaxial,Superloop,QLD,Urban,49.1,18.04,8.42,50/20 Mbps,FALSE
Hybrid Fibre Coaxial,TPG,QLD,Urban,247.83,18.76,11.01,250/25 Mbps,FALSE
Fibre to the Premises,Optus,QLD,Urban,96.66,37.33,3.73,100/40 Mbps,FALSE
Fibre to the Premises,Telstra,QLD,Urban,51.66,18.73,2.84,50/20 Mbps,FALSE
Fibre to the Node,Leaptel,QLD,Urban,43.93,8.07,12,50/20 Mbps,FALSE
Fibre to the Premises,TPG,QLD,Urban,52.49,18.79,9.67,50/20 Mbps,FALSE
Fibre to the Node,Aussie Broadband,QLD,Urban,40.92,7.33,13.76,50/20 Mbps,FALSE
Fibre to the Curb,Optus,QLD,Urban,54.1,18.66,6.11,50/20 Mbps,FALSE
Fibre to the Node,Optus,QLD,Urban,98.28,17.86,10.72,100/20 Mbps,FALSE
Fibre to the Premises,Dodo & iPrimus,WA,Urban,105.8,37.69,3.93,100/40 Mbps,FALSE
Fibre to the Node,iiNet,WA,Urban,37.95,7.66,10.4,50/20 Mbps,FALSE
Fibre to the Premises,Exetel,WA,Urban,108.46,18.81,2.61,100/20 Mbps,FALSE
Fibre to the Premises,Leaptel,WA,Urban,105.3,18.96,2.04,100/20 Mbps,FALSE
Fibre to the Node,Telstra,WA,Urban,48.77,12.64,11.1,50/20 Mbps,FALSE
Fibre to the Node,iiNet,WA,Urban,52.59,16.85,9.68,50/20 Mbps,FALSE
Fibre to the Premises,Aussie Broadband,WA,Urban,107.43,37.9,1.48,100/40 Mbps,FALSE
Fibre to the Premises,TPG,WA,Urban,106.67,17.07,2.69,100/20 Mbps,FALSE
Hybrid Fibre Coaxial,Dodo & iPrimus,WA,Urban,53.22,18.75,9.16,50/20 Mbps,FALSE
Fibre to the Premises,Aussie Broadband,WA,Urban,107.51,18.81,2.39,100/20 Mbps,FALSE
Fibre to the Node,Dodo & iPrimus,WA,Urban,26.28,4.7,16.49,25/5 Mbps,FALSE
Fibre to the Premises,Vodafone,WA,Urban,106.93,18.76,2.71,100/20 Mbps,FALSE
Fibre to the Node,iiNet,WA,Urban,33.02,10.18,10.71,50/20 Mbps,TRUE
Fibre to the Node,Aussie Broadband,WA,Urban,27.21,9.48,6.99,25/10 Mbps,FALSE
Hybrid Fibre Coaxial,Aussie Broadband,WA,Urban,107.37,18.89,8.43,100/20 Mbps,FALSE
Fibre to the Node,Telstra,WA,Urban,37.07,6.31,27.63,50/20 Mbps,FALSE
Hybrid Fibre Coaxial,Exetel,WA,Urban,108.48,37.66,8.81,100/40 Mbps,FALSE
Hybrid Fibre Coaxial,Exetel,WA,Urban,94.85,37.56,9.7,100/40 Mbps,FALSE
Fibre to the Premises,Superloop,WA,Urban,54.26,18.97,2.13,50/20 Mbps,FALSE
Hybrid Fibre Coaxial,Telstra,WA,Urban,101.37,18.91,10.37,100/20 Mbps,FALSE
Fibre to the Premises,TPG,WA,Urban,92.59,18.73,3.07,100/20 Mbps,FALSE
Fibre to the Node,Optus,WA,Urban,40.31,9.61,13.23,50/20 Mbps,FALSE
Fibre to the Premises,Dodo & iPrimus,WA,Urban,269.95,23.69,2.92,250/25 Mbps,FALSE
Fibre to the Node,Other RSPs,WA,Urban,105.59,18.78,7.98,100/20 Mbps,FALSE
Fibre to the Node,Launtel,WA,Urban,79.18,28.47,12.14,100/40 Mbps,FALSE
Fibre to the Node,Exetel,WA,Urban,52.09,18.85,17.74,50/20 Mbps,FALSE
Fibre to the Premises,Dodo & iPrimus,WA,Urban,90.85,37.64,8.68,100/40 Mbps,FALSE
Fibre to the Node,Vodafone,WA,Urban,53.41,18.93,9.22,50/20 Mbps,FALSE
Fibre to the Node,Aussie Broadband,WA,Urban,24.52,4.34,10.88,25/10 Mbps,FALSE
Hybrid Fibre Coaxial,Telstra,WA,Urban,105.05,15.57,31.54,100/20 Mbps,FALSE
Fibre to the Premises,TPG,WA,Urban,53.14,18.1,2.76,50/20 Mbps,FALSE
Fibre to the Premises,iiNet,WA,Urban,53.08,19.03,2.51,50/20 Mbps,FALSE
Fibre to the Premises,Aussie Broadband,WA,Urban,108.21,18.94,2.5,100/20 Mbps,FALSE
Fibre to the Premises,Optus,WA,Urban,108.28,19.09,3.51,100/20 Mbps,FALSE
Fibre to the Premises,Vodafone,WA,Urban,266.31,23.49,2.75,250/25 Mbps,FALSE
Fibre to the Premises,Dodo & iPrimus,WA,Urban,51.16,18.71,3.44,50/20 Mbps,FALSE
Fibre to the Premises,iiNet,WA,Urban,85.77,37.52,2.88,100/40 Mbps,FALSE
Fibre to the Node,iiNet,WA,Urban,33.38,4.6,19.7,50/20 Mbps,TRUE
Fibre to the Premises,Telstra,WA,Urban,109.4,18.93,2.69,100/20 Mbps,FALSE
Fibre to the Premises,Superloop,WA,Urban,107.15,18.93,2.5,100/20 Mbps,FALSE
Fibre to the Premises,Leaptel,WA,Urban,108.35,18.06,4.6,100/20 Mbps,FALSE
Fibre to the Premises,Telstra,WA,Urban,108.19,19.08,3.46,100/20 Mbps,FALSE
Fibre to the Premises,Dodo & iPrimus,WA,Urban,106.67,37.67,5,100/40 Mbps,FALSE
Fibre to the Premises,Aussie Broadband,WA,Urban,53.94,18.93,2.73,50/20 Mbps,FALSE
Fibre to the Premises,iiNet,WA,Urban,53.3,18.96,2.84,50/20 Mbps,FALSE
Fibre to the Premises,Exetel,WA,Urban,107.57,37.67,3.07,100/40 Mbps,FALSE
Fibre to the Premises,TPG,WA,Urban,53.16,18.73,3.1,50/20 Mbps,FALSE
Fibre to the Premises,iiNet,WA,Urban,106.12,18.91,3.36,100/20 Mbps,FALSE
Fibre to the Premises,iiNet,WA,Urban,53.34,18.96,10.66,50/20 Mbps,FALSE
Fibre to the Premises,Exetel,WA,Urban,543.6,47.18,2.71,500/50 Mbps,FALSE
Fibre to the Node,iiNet,WA,Urban,66.44,18.82,21.15,100/20 Mbps,TRUE
Fibre to the Premises,Leaptel,WA,Urban,54.21,18.79,2.57,50/20 Mbps,FALSE
Hybrid Fibre Coaxial,TPG,WA,Urban,23.95,4.61,11.67,25/5 Mbps,FALSE
Fibre to the Node,Telstra,WA,Urban,37.98,11.41,10.25,50/20 Mbps,FALSE
Fibre to the Premises,Superloop,WA,Urban,107.66,18.94,3.43,100/20 Mbps,FALSE
Fibre to the Premises,Exetel,WA,Urban,102.59,17.77,3,100/20 Mbps,FALSE
Fibre to the Premises,TPG,WA,Urban,52.12,18.85,2.66,50/20 Mbps,FALSE
Fibre to the Node,Aussie Broadband,WA,Urban,69.59,18.82,11.08,100/20 Mbps,TRUE
Fibre to the Premises,Leaptel,WA,Urban,105.83,18.93,2.36,100/20 Mbps,FALSE
Fibre to the Premises,Leaptel,WA,Urban,104.16,18.91,2.38,100/20 Mbps,FALSE
Hybrid Fibre Coaxial,Telstra,WA,Urban,105.6,18.71,9.2,100/20 Mbps,FALSE
Fibre to the Node,Aussie Broadband,WA,Urban,26.61,5.95,6.06,25/10 Mbps,FALSE
Fibre to the Node,Aussie Broadband,WA,Urban,31.18,8.26,10.34,50/20 Mbps,TRUE
Fibre to the Node,iiNet,WA,Urban,52.26,16.8,9.53,50/20 Mbps,FALSE
Fibre to the Premises,Exetel,WA,Urban,106.33,18.71,5.66,100/20 Mbps,FALSE
Fibre to the Premises,Other RSPs,WA,Urban,46.2,18.81,3.28,50/20 Mbps,FALSE
Hybrid Fibre Coaxial,Dodo & iPrimus,QLD,Urban,53.08,18.73,9.01,50/20 Mbps,FALSE
Hybrid Fibre Coaxial,Leaptel,QLD,Urban,260.68,23.8,8.96,250/25 Mbps,FALSE
Fibre to the Premises,Superloop,QLD,Urban,108.26,18.93,2.57,100/20 Mbps,FALSE
Fibre to the Node,Vodafone,QLD,Urban,51.5,18.47,10.91,50/20 Mbps,FALSE
Hybrid Fibre Coaxial,Aussie Broadband,QLD,Urban,94.03,37.83,8.84,100/40 Mbps,FALSE
Fibre to the Curb,Optus,QLD,Urban,51.82,18.52,6.64,50/20 Mbps,FALSE
Fibre to the Node,Optus,QLD,Urban,107.49,18.99,5.92,100/20 Mbps,FALSE
Fibre to the Premises,Exetel,QLD,Urban,267.96,22.98,2.54,250/25 Mbps,FALSE
Hybrid Fibre Coaxial,Dodo & iPrimus,QLD,Urban,106.5,18.76,9.36,100/20 Mbps,FALSE
Hybrid Fibre Coaxial,TPG,QLD,Urban,52.88,18.5,8.82,50/20 Mbps,FALSE
Hybrid Fibre Coaxial,Telstra,QLD,Urban,109,18.79,8.51,100/20 Mbps,FALSE
Fibre to the Premises,Leaptel,QLD,Urban,103.56,18.93,2.34,100/20 Mbps,FALSE
Fibre to the Premises,Leaptel,QLD,Urban,262.94,23.79,2.45,250/25 Mbps,FALSE
Hybrid Fibre Coaxial,Superloop,QLD,Urban,269.45,23.48,8.42,250/25 Mbps,FALSE
Fibre to the Premises,Superloop,QLD,Urban,269.34,23.45,2.34,250/25 Mbps,FALSE
Fibre to the Node,TPG,QLD,Urban,26.32,4.63,19.26,25/5 Mbps,FALSE
Fibre to the Node,Optus,QLD,Urban,47.83,14.02,12.2,50/20 Mbps,FALSE
Hybrid Fibre Coaxial,Telstra,QLD,Urban,54.25,18.79,13.66,50/20 Mbps,FALSE
Fibre to the Premises,Superloop,QLD,Urban,54.05,18.94,1.61,50/20 Mbps,FALSE
Fibre to the Node,Telstra,QLD,Urban,22.31,3.57,20.9,50/20 Mbps,TRUE
Fibre to the Premises,Dodo & iPrimus,QLD,Urban,26.3,4.33,5.19,25/5 Mbps,FALSE
Fibre to the Premises,Exetel,QLD,Urban,108.15,36.18,4.85,100/40 Mbps,FALSE
Fibre to the Node,Dodo & iPrimus,QLD,Urban,25.98,9.42,8.61,25/10 Mbps,FALSE
Fibre to the Node,Superloop,QLD,Urban,36.41,13.23,18.11,50/20 Mbps,FALSE
Fibre to the Premises,Leaptel,QLD,Urban,106.05,18.76,8.45,100/20 Mbps,FALSE
Fibre to the Premises,iiNet,QLD,Major Rural,106.05,16.94,3.86,100/20 Mbps,FALSE
Fibre to the Node,Aussie Broadband,QLD,Urban,26.61,5.49,11.53,25/10 Mbps,FALSE
Fibre to the Node,iiNet,QLD,Urban,26.57,4.74,9.87,25/5 Mbps,FALSE
Fibre to the Premises,Aussie Broadband,QLD,Urban,53.67,18.81,20.94,50/20 Mbps,FALSE
Fibre to the Node,Dodo & iPrimus,QLD,Urban,26.11,4.7,9.81,25/5 Mbps,FALSE
Hybrid Fibre Coaxial,Superloop,QLD,Urban,104.18,36.2,9.98,100/40 Mbps,FALSE
Fibre to the Node,Optus,QLD,Urban,47.59,7.48,15.45,50/20 Mbps,FALSE
Fibre to the Premises,Superloop,QLD,Urban,95.61,18.89,2.25,100/20 Mbps,FALSE
Fibre to the Premises,TPG,QLD,Urban,50.26,18.66,3.95,50/20 Mbps,FALSE
Fibre to the Premises,Superloop,QLD,Urban,107.22,37.91,1.52,100/40 Mbps,FALSE
Fibre to the Node,Superloop,QLD,Urban,38.38,36.71,10.37,100/40 Mbps,TRUE
Hybrid Fibre Coaxial,Superloop,QLD,Urban,106.28,18.56,7.62,100/40 Mbps,FALSE
Hybrid Fibre Coaxial,Telstra,QLD,Urban,52.65,6.1,26.93,100/20 Mbps,TRUE
Fibre to the Node,Leaptel,QLD,Major Rural,24.89,9.48,35.71,25/10 Mbps,FALSE
Hybrid Fibre Coaxial,Telstra,QLD,Urban,53.45,18.72,9.68,50/20 Mbps,FALSE
Fibre to the Premises,Exetel,QLD,Urban,107.77,37.68,1.93,100/40 Mbps,FALSE
Fibre to the Premises,Aussie Broadband,QLD,Urban,107.39,18.91,2.33,100/20 Mbps,FALSE
Hybrid Fibre Coaxial,Superloop,QLD,Urban,97.86,35.49,10.3,100/40 Mbps,FALSE
Hybrid Fibre Coaxial,Exetel,QLD,Urban,106.24,18.78,7.39,100/20 Mbps,FALSE
Fibre to the Premises,Superloop,QLD,Urban,267.93,23.51,3.41,250/25 Mbps,FALSE
Fibre to the Premises,Aussie Broadband,QLD,Urban,271.42,23.82,3.55,250/25 Mbps,FALSE
Fibre to the Premises,Exetel,QLD,Urban,65.36,18.77,17.51,100/20 Mbps,TRUE
Fibre to the Premises,Dodo & iPrimus,QLD,Urban,107.07,37.69,20.73,100/40 Mbps,FALSE
Hybrid Fibre Coaxial,Optus,QLD,Urban,54,18.68,8.01,50/20 Mbps,FALSE
Hybrid Fibre Coaxial,Vodafone,QLD,Urban,52.58,18.59,10.98,50/20 Mbps,FALSE
Fibre to the Premises,Superloop,QLD,Urban,106.75,18.43,1.68,100/20 Mbps,FALSE
Fibre to the Node,Leaptel,QLD,Urban,27.15,8.98,10.99,25/10 Mbps,FALSE
Hybrid Fibre Coaxial,Superloop,QLD,Urban,104.35,37.32,8.85,100/40 Mbps,FALSE
Fibre to the Node,iiNet,QLD,Urban,26.38,4.71,9.78,25/5 Mbps,FALSE
Hybrid Fibre Coaxial,Superloop,QLD,Urban,107.6,18.91,8.33,100/20 Mbps,FALSE
Fibre to the Premises,TPG,QLD,Urban,52.5,18.8,2.25,50/20 Mbps,FALSE
Fibre to the Premises,Telstra,QLD,Urban,268.78,23.76,2.68,250/25 Mbps,FALSE
Hybrid Fibre Coaxial,Optus,QLD,Urban,52.16,18.92,8.45,50/20 Mbps,FALSE
Hybrid Fibre Coaxial,Aussie Broadband,NT + SA,Urban,108.04,37.7,17.45,100/40 Mbps,FALSE
Fibre to the Node,Leaptel,VIC,Minor Rural,24.08,4.73,10.42,25/10 Mbps,FALSE
Fibre to the Premises,Dodo & iPrimus,TAS,Urban,35.72,0.88,14.03,50/20 Mbps,FALSE
Fibre to the Node,Aussie Broadband,VIC,Urban,22.88,5.13,19.54,50/20 Mbps,TRUE
Hybrid Fibre Coaxial,Telstra,VIC,Urban,108.11,18.8,8.68,100/20 Mbps,FALSE
Fibre to the Curb,Dodo & iPrimus,VIC,Urban,87.38,14.63,5.59,100/20 Mbps,FALSE
Fibre to the Node,Aussie Broadband,VIC,Urban,55.89,18.98,10.21,100/20 Mbps,TRUE
Fibre to the Curb,Exetel,VIC,Urban,104.52,18.66,5.05,100/20 Mbps,FALSE
Fibre to the Curb,Telstra,VIC,Urban,27.08,4.69,5.83,25/10 Mbps,FALSE
Fibre to the Node,Aussie Broadband,TAS,Minor Rural,33.49,6.89,19.98,50/20 Mbps,TRUE
Fibre to the Premises,Superloop,VIC,Urban,107.67,18.92,2.57,100/20 Mbps,FALSE
Hybrid Fibre Coaxial,Dodo & iPrimus,VIC,Urban,106.21,18.79,9.53,100/20 Mbps,FALSE
Hybrid Fibre Coaxial,Exetel,VIC,Urban,96.7,18.9,8.46,100/20 Mbps,FALSE
Fibre to the Premises,Aussie Broadband,NT + SA,Urban,269.38,23.5,10.55,250/25 Mbps,FALSE
Fibre to the Premises,Exetel,VIC,Urban,108.22,18.96,2.82,100/20 Mbps,FALSE
Hybrid Fibre Coaxial,Telstra,NT + SA,Urban,53.17,18.72,18.01,50/20 Mbps,FALSE
Fibre to the Premises,Dodo & iPrimus,VIC,Urban,105.5,18.78,3.19,100/20 Mbps,FALSE
Fibre to the Premises,Superloop,TAS,Urban,108.1,37.91,9.86,100/40 Mbps,FALSE
Fibre to the Curb,Vodafone,NSW,Urban,53.43,18.66,4.71,50/20 Mbps,FALSE
Fibre to the Premises,Other RSPs,NSW,Urban,52.06,18.86,9.07,50/20 Mbps,FALSE
Fibre to the Premises,iiNet,WA,Urban,252.1,23.19,2.58,250/25 Mbps,FALSE
Fibre to the Node,Launtel,NSW,Urban,94.02,36.54,18.3,100/40 Mbps,FALSE
Fibre to the Premises,Exetel,WA,Urban,108.47,18.84,2.4,100/20 Mbps,FALSE
Fibre to the Premises,Telstra,NSW,Urban,92.37,18.96,8.91,100/20 Mbps,FALSE
Fibre to the Premises,Optus,VIC,Urban,109.24,19.12,15.98,100/20 Mbps,FALSE
Fibre to the Premises,Aussie Broadband,NSW,Urban,28.42,18.41,3.51,100/20 Mbps,TRUE
Fibre to the Premises,Telstra,VIC,Urban,109.13,19.07,10.94,100/20 Mbps,FALSE
Hybrid Fibre Coaxial,TPG,QLD,Urban,25.76,3.54,9.09,25/5 Mbps,FALSE
Fibre to the Premises,Exetel,NSW,Urban,270.77,23.58,6.03,250/25 Mbps,FALSE
Hybrid Fibre Coaxial,Other RSPs,NT + SA,Urban,27.01,4.63,17.16,25/5 Mbps,FALSE
Fibre to the Node,iiNet,NSW,Major Rural,37.58,7.65,16.92,50/20 Mbps,FALSE
Fibre to the Node,Launtel,ACT,Urban,104.23,18.18,13.87,100/20 Mbps,FALSE
Hybrid Fibre Coaxial,Dodo & iPrimus,NSW,Urban,52.56,18.76,7.88,50/20 Mbps,FALSE
Fibre to the Node,TPG,NSW,Urban,41.53,7.45,9.63,50/20 Mbps,FALSE
Fibre to the Node,Launtel,NSW,Urban,92.46,31.19,22.1,100/40 Mbps,FALSE
Fibre to the Premises,iiNet,NSW,Urban,53.4,18.31,3.5,50/20 Mbps,FALSE
Fibre to the Premises,Aussie Broadband,ACT,Urban,53.78,18.86,6.27,50/20 Mbps,FALSE
Fibre to the Premises,Aussie Broadband,NSW,Major Rural,106.98,18.95,5.17,100/20 Mbps,FALSE
Fibre to the Premises,Superloop,NSW,Urban,271.59,23.63,4.37,250/25 Mbps,FALSE
Fibre to the Premises,TPG,NSW,Urban,106.26,18.66,6.73,100/20 Mbps,FALSE
Fibre to the Node,Aussie Broadband,ACT,Urban,26.93,9.47,13.31,25/10 Mbps,FALSE
Fibre to the Premises,Exetel,NSW,Urban,106.64,18.78,3.22,100/20 Mbps,FALSE
Hybrid Fibre Coaxial,Telstra,NSW,Urban,271.56,23.62,14.5,250/25 Mbps,FALSE
Fibre to the Node,Leaptel,NSW,Urban,90.92,18.56,8.47,100/20 Mbps,FALSE
Fibre to the Node,Aussie Broadband,NSW,Urban,52.81,18.86,10.17,50/20 Mbps,FALSE
Hybrid Fibre Coaxial,Launtel,NSW,Urban,96.41,36.96,11.7,100/40 Mbps,FALSE
Fibre to the Premises,Exetel,ACT,Urban,108.37,37.9,6.26,100/40 Mbps,FALSE
Fibre to the Node,iiNet,NSW,Urban,24.84,4.7,10.89,25/5 Mbps,FALSE
Fibre to the Premises,iiNet,NSW,Urban,106.34,37.63,2.98,100/40 Mbps,FALSE
Fibre to the Premises,Aussie Broadband,ACT,Urban,108.21,18.95,6.49,100/20 Mbps,FALSE
Fibre to the Premises,Optus,ACT,Urban,106.54,18.81,17.13,100/20 Mbps,FALSE
Fibre to the Premises,Telstra,NSW,Urban,269.57,23.38,3.97,250/25 Mbps,FALSE
Fibre to the Premises,Dodo & iPrimus,ACT,Urban,51.31,18.68,5.89,50/20 Mbps,FALSE
Fibre to the Premises,Telstra,NSW,Urban,270.75,23.45,12.95,250/25 Mbps,FALSE
Fibre to the Node,Dodo & iPrimus,NSW,Urban,46.2,18.86,17.46,50/20 Mbps,FALSE
Hybrid Fibre Coaxial,Aussie Broadband,NSW,Urban,107.49,18.85,8.6,100/20 Mbps,FALSE
Hybrid Fibre Coaxial,TPG,NSW,Urban,47.54,18.45,8.43,50/20 Mbps,FALSE
Hybrid Fibre Coaxial,Vodafone,NSW,Urban,106.08,18.69,8.83,100/20 Mbps,FALSE
Fibre to the Premises,Optus,VIC,Urban,53.64,18.76,6.11,50/20 Mbps,FALSE
Hybrid Fibre Coaxial,Optus,VIC,Urban,108.05,18.84,10.25,100/20 Mbps,FALSE
Hybrid Fibre Coaxial,Exetel,QLD,Urban,106.74,47.11,8.12,500/50 Mbps,TRUE
Fibre to the Curb,Optus,QLD,Urban,107.66,18.58,8.38,100/20 Mbps,FALSE
Fibre to the Node,Aussie Broadband,QLD,Urban,49.89,18.93,11.95,50/20 Mbps,FALSE
Fibre to the Node,TPG,WA,Urban,53.09,18.75,9.88,50/20 Mbps,FALSE
Fibre to the Premises,Dodo & iPrimus,WA,Urban,105.07,18.79,3.07,100/20 Mbps,FALSE
Fibre to the Premises,Aussie Broadband,WA,Urban,108.55,18.92,2.33,100/20 Mbps,FALSE
Fibre to the Premises,TPG,WA,Urban,261.95,18.76,3.93,250/25 Mbps,FALSE
Fibre to the Premises,Telstra,QLD,Urban,53.39,18.84,2.54,50/20 Mbps,FALSE
Fibre to the Node,Aussie Broadband,QLD,Urban,75.58,37.16,9.96,100/40 Mbps,FALSE
Fibre to the Node,iiNet,QLD,Urban,53.34,18.26,9.37,50/20 Mbps,FALSE
Fibre to the Premises,Optus,NT + SA,Urban,108.43,37.38,14.99,100/40 Mbps,FALSE
Fibre to the Premises,TPG,VIC,Urban,92.55,18.53,5.51,100/20 Mbps,FALSE
Fibre to the Node,Superloop,VIC,Urban,95.19,19.25,12.68,100/40 Mbps,FALSE
Fibre to the Premises,Leaptel,NT + SA,Urban,96.99,18.68,11.6,100/20 Mbps,FALSE
Hybrid Fibre Coaxial,Vodafone,QLD,Urban,53.64,17.8,11.06,50/20 Mbps,FALSE
Fibre to the Premises,Optus,VIC,Urban,108.67,37.62,4.26,100/40 Mbps,FALSE
Fibre to the Premises,Optus,NSW,Urban,54.53,18.45,4.02,50/20 Mbps,FALSE
Fibre to the Premises,Aussie Broadband,NSW,Urban,105.3,18.83,12.78,100/20 Mbps,FALSE
Hybrid Fibre Coaxial,Superloop,NSW,Urban,106.67,18.97,8.69,100/20 Mbps,FALSE
Fibre to the Premises,TPG,NSW,Urban,105.87,18.49,6.01,100/20 Mbps,FALSE
Fibre to the Premises,Dodo & iPrimus,VIC,Urban,107.04,18.54,13.59,100/20 Mbps,FALSE
Fibre to the Premises,Aussie Broadband,ACT,Urban,89.89,36.4,6.28,100/40 Mbps,FALSE
Fibre to the Premises,Telstra,NSW,Major Rural,109.07,18.98,8.73,100/20 Mbps,FALSE
Fibre to the Premises,Optus,VIC,Minor Rural,247.84,23.63,17.66,250/25 Mbps,FALSE
Fibre to the Premises,Other RSPs,QLD,Urban,270.64,23.71,3.57,250/25 Mbps,FALSE
Fibre to the Node,Dodo & iPrimus,VIC,Urban,44.93,18.68,9.43,50/20 Mbps,FALSE
Fibre to the Node,Aussie Broadband,NT + SA,Major Rural,36.15,5.13,19.97,50/20 Mbps,TRUE
Fibre to the Curb,TPG,VIC,Urban,51.31,16.19,5.37,50/20 Mbps,FALSE
Fibre to the Node,Dodo & iPrimus,NT + SA,Urban,14.15,3.58,24.57,50/20 Mbps,TRUE
Fibre to the Premises,Superloop,NSW,Urban,108.42,37.68,2.21,100/40 Mbps,FALSE
Fibre to the Premises,iiNet,NSW,Urban,272.97,94.64,4.98,250/100 Mbps,FALSE
Hybrid Fibre Coaxial,Vodafone,WA,Urban,267.33,23.78,8.82,250/25 Mbps,FALSE
Fibre to the Node,Aussie Broadband,WA,Urban,95.59,18.93,8.89,100/20 Mbps,FALSE
Fibre to the Premises,Launtel,WA,Urban,264.55,22.91,4.59,250/25 Mbps,FALSE
Hybrid Fibre Coaxial,Superloop,QLD,Urban,100.78,31.71,9.59,100/40 Mbps,FALSE
Fibre to the Node,Telstra,QLD,Major Rural,53.65,10.21,31.35,50/20 Mbps,FALSE
